source,source_file,source_row_index,data_id,split
mix,datasets/fuel_ignition_numbers/processed_data/dcn_mix_exp.csv,0,mix:0,test
mix,datasets/fuel_ignition_numbers/processed_data/dcn_mix_exp.csv,1,mix:1,test
mix,datasets/fuel_ignition_numbers/processed_data/dcn_mix_exp.csv,2,mix:2,test
mix,datasets/fuel_ignition_numbers/processed_data/dcn_mix_exp.csv,3,mix:3,test
mix,datasets/fuel_ignition_numbers/processed_data/dcn_mix_exp.csv,4,mix:4,train
mix,datasets/fuel_ignition_numbers/processed_data/dcn_mix_exp.csv,5,mix:5,train
mix,datasets/fuel_ignition_numbers/processed_data/dcn_mix_exp.csv,6,mix:6,train
mix,datasets/fuel_ignition_numbers/processed_data/dcn_mix_exp.csv,7,mix:7,train
mix,datasets/fuel_ignition_numbers/processed_data/dcn_mix_exp.csv,8,mix:8,train
mix,datasets/fuel_ignition_numbers/processed_data/dcn_mix_exp.csv,9,mix:9,val
mix,datasets/fuel_ignition_numbers/processed_data/dcn_mix_exp.csv,10,mix:10,val
mix,datasets/fuel_ignition_numbers/processed_data/dcn_mix_exp.csv,11,mix:11,val
mix,datasets/fuel_ignition_numbers/processed_data/dcn_mix_exp.csv,12,mix:12,val
mix,datasets/fuel_ignition_numbers/processed_data/dcn_mix_exp.csv,13,mix:13,val
mix,datasets/fuel_ignition_numbers/processed_data/dcn_mix_exp.csv,14,mix:14,val
mix,datasets/fuel_ignition_numbers/processed_data/dcn_mix_exp.csv,15,mix:15,val
mix,datasets/fuel_ignition_numbers/processed_data/dcn_mix_exp.csv,16,mix:16,val
mix,datasets/fuel_ignition_numbers/processed_data/dcn_mix_exp.csv,17,mix:17,val
mix,datasets/fuel_ignition_numbers/processed_data/dcn_mix_exp.csv,18,mix:18,val
mix,datasets/fuel_ignition_numbers/processed_data/dcn_mix_exp.csv,19,mix:19,val
mix,datasets/fuel_ignition_numbers/processed_data/dcn_mix_exp.csv,20,mix:20,val
mix,datasets/fuel_ignition_numbers/processed_data/dcn_mix_exp.csv,21,mix:21,val
mix,datasets/fuel_ignition_numbers/processed_data/dcn_mix_exp.csv,22,mix:22,val
mix,datasets/fuel_ignition_numbers/processed_data/dcn_mix_exp.csv,23,mix:23,val
mix,datasets/fuel_ignition_numbers/processed_data/dcn_mix_exp.csv,24,mix:24,val
mix,datasets/fuel_ignition_numbers/processed_data/dcn_mix_exp.csv,25,mix:25,val
mix,datasets/fuel_ignition_numbers/processed_data/dcn_mix_exp.csv,26,mix:26,val
mix,datasets/fuel_ignition_numbers/processed_data/dcn_mix_exp.csv,27,mix:27,val
mix,datasets/fuel_ignition_numbers/processed_data/dcn_mix_exp.csv,28,mix:28,val
mix,datasets/fuel_ignition_numbers/processed_data/dcn_mix_exp.csv,29,mix:29,val
mix,datasets/fuel_ignition_numbers/processed_data/dcn_mix_exp.csv,30,mix:30,val
mix,datasets/fuel_ignition_numbers/processed_data/dcn_mix_exp.csv,31,mix:31,val
mix,datasets/fuel_ignition_numbers/processed_data/dcn_mix_exp.csv,32,mix:32,val
mix,datasets/fuel_ignition_numbers/processed_data/dcn_mix_exp.csv,33,mix:33,val
mix,datasets/fuel_ignition_numbers/processed_data/dcn_mix_exp.csv,34,mix:34,val
mix,datasets/fuel_ignition_numbers/processed_data/dcn_mix_exp.csv,35,mix:35,val
mix,datasets/fuel_ignition_numbers/processed_data/dcn_mix_exp.csv,36,mix:36,train
mix,datasets/fuel_ignition_numbers/processed_data/dcn_mix_exp.csv,37,mix:37,train
mix,datasets/fuel_ignition_numbers/processed_data/dcn_mix_exp.csv,38,mix:38,train
mix,datasets/fuel_ignition_numbers/processed_data/dcn_mix_exp.csv,39,mix:39,train
mix,datasets/fuel_ignition_numbers/processed_data/dcn_mix_exp.csv,40,mix:40,train
mix,datasets/fuel_ignition_numbers/processed_data/dcn_mix_exp.csv,41,mix:41,train
mix,datasets/fuel_ignition_numbers/processed_data/dcn_mix_exp.csv,42,mix:42,train
mix,datasets/fuel_ignition_numbers/processed_data/dcn_mix_exp.csv,43,mix:43,train
mix,datasets/fuel_ignition_numbers/processed_data/dcn_mix_exp.csv,44,mix:44,train
mix,datasets/fuel_ignition_numbers/processed_data/dcn_mix_exp.csv,45,mix:45,train
mix,datasets/fuel_ignition_numbers/processed_data/dcn_mix_exp.csv,46,mix:46,train
mix,datasets/fuel_ignition_numbers/processed_data/dcn_mix_exp.csv,47,mix:47,train
mix,datasets/fuel_ignition_numbers/processed_data/dcn_mix_exp.csv,48,mix:48,train
mix,datasets/fuel_ignition_numbers/processed_data/dcn_mix_exp.csv,49,mix:49,train
mix,datasets/fuel_ignition_numbers/processed_data/dcn_mix_exp.csv,50,mix:50,train
mix,datasets/fuel_ignition_numbers/processed_data/dcn_mix_exp.csv,51,mix:51,train
mix,datasets/fuel_ignition_numbers/processed_data/dcn_mix_exp.csv,52,mix:52,train
mix,datasets/fuel_ignition_numbers/processed_data/dcn_mix_exp.csv,53,mix:53,train
mix,datasets/fuel_ignition_numbers/processed_data/dcn_mix_exp.csv,54,mix:54,train
mix,datasets/fuel_ignition_numbers/processed_data/dcn_mix_exp.csv,55,mix:55,train
mix,datasets/fuel_ignition_numbers/processed_data/dcn_mix_exp.csv,56,mix:56,train
mix,datasets/fuel_ignition_numbers/processed_data/dcn_mix_exp.csv,57,mix:57,train
mix,datasets/fuel_ignition_numbers/processed_data/dcn_mix_exp.csv,58,mix:58,train
mix,datasets/fuel_ignition_numbers/processed_data/dcn_mix_exp.csv,59,mix:59,train
mix,datasets/fuel_ignition_numbers/processed_data/dcn_mix_exp.csv,60,mix:60,train
mix,datasets/fuel_ignition_numbers/processed_data/dcn_mix_exp.csv,61,mix:61,train
mix,datasets/fuel_ignition_numbers/processed_data/dcn_mix_exp.csv,62,mix:62,val
mix,datasets/fuel_ignition_numbers/processed_data/dcn_mix_exp.csv,63,mix:63,val
mix,datasets/fuel_ignition_numbers/processed_data/dcn_mix_exp.csv,64,mix:64,val
mix,datasets/fuel_ignition_numbers/processed_data/dcn_mix_exp.csv,65,mix:65,train
mix,datasets/fuel_ignition_numbers/processed_data/dcn_mix_exp.csv,66,mix:66,train
mix,datasets/fuel_ignition_numbers/processed_data/dcn_mix_exp.csv,67,mix:67,train
mix,datasets/fuel_ignition_numbers/processed_data/dcn_mix_exp.csv,68,mix:68,test
mix,datasets/fuel_ignition_numbers/processed_data/dcn_mix_exp.csv,69,mix:69,test
mix,datasets/fuel_ignition_numbers/processed_data/dcn_mix_exp.csv,70,mix:70,train
mix,datasets/fuel_ignition_numbers/processed_data/dcn_mix_exp.csv,71,mix:71,train
mix,datasets/fuel_ignition_numbers/processed_data/dcn_mix_exp.csv,72,mix:72,train
mix,datasets/fuel_ignition_numbers/processed_data/dcn_mix_exp.csv,73,mix:73,train
mix,datasets/fuel_ignition_numbers/processed_data/dcn_mix_exp.csv,74,mix:74,train
mix,datasets/fuel_ignition_numbers/processed_data/dcn_mix_exp.csv,75,mix:75,train
mix,datasets/fuel_ignition_numbers/processed_data/dcn_mix_exp.csv,76,mix:76,train
mix,datasets/fuel_ignition_numbers/processed_data/dcn_mix_exp.csv,77,mix:77,train
mix,datasets/fuel_ignition_numbers/processed_data/dcn_mix_exp.csv,78,mix:78,train
mix,datasets/fuel_ignition_numbers/processed_data/dcn_mix_exp.csv,79,mix:79,train
mix,datasets/fuel_ignition_numbers/processed_data/dcn_mix_exp.csv,80,mix:80,val
mix,datasets/fuel_ignition_numbers/processed_data/dcn_mix_exp.csv,81,mix:81,val
mix,datasets/fuel_ignition_numbers/processed_data/dcn_mix_exp.csv,82,mix:82,val
mix,datasets/fuel_ignition_numbers/processed_data/dcn_mix_exp.csv,83,mix:83,val
mix,datasets/fuel_ignition_numbers/processed_data/dcn_mix_exp.csv,84,mix:84,val
mix,datasets/fuel_ignition_numbers/processed_data/dcn_mix_exp.csv,85,mix:85,val
mix,datasets/fuel_ignition_numbers/processed_data/dcn_mix_exp.csv,86,mix:86,val
mix,datasets/fuel_ignition_numbers/processed_data/dcn_mix_exp.csv,87,mix:87,val
mix,datasets/fuel_ignition_numbers/processed_data/dcn_mix_exp.csv,88,mix:88,val
mix,datasets/fuel_ignition_numbers/processed_data/dcn_mix_exp.csv,89,mix:89,test
mix,datasets/fuel_ignition_numbers/processed_data/dcn_mix_exp.csv,90,mix:90,test
mix,datasets/fuel_ignition_numbers/processed_data/dcn_mix_exp.csv,91,mix:91,test
mix,datasets/fuel_ignition_numbers/processed_data/dcn_mix_exp.csv,92,mix:92,test
mix,datasets/fuel_ignition_numbers/processed_data/dcn_mix_exp.csv,93,mix:93,test
mix,datasets/fuel_ignition_numbers/processed_data/dcn_mix_exp.csv,94,mix:94,train
mix,datasets/fuel_ignition_numbers/processed_data/dcn_mix_exp.csv,95,mix:95,train
mix,datasets/fuel_ignition_numbers/processed_data/dcn_mix_exp.csv,96,mix:96,train
mix,datasets/fuel_ignition_numbers/processed_data/dcn_mix_exp.csv,97,mix:97,train
mix,datasets/fuel_ignition_numbers/processed_data/dcn_mix_exp.csv,98,mix:98,train
mix,datasets/fuel_ignition_numbers/processed_data/dcn_mix_exp.csv,99,mix:99,test
mix,datasets/fuel_ignition_numbers/processed_data/dcn_mix_exp.csv,100,mix:100,train
mix,datasets/fuel_ignition_numbers/processed_data/dcn_mix_exp.csv,101,mix:101,train
mix,datasets/fuel_ignition_numbers/processed_data/dcn_mix_exp.csv,102,mix:102,train
mix,datasets/fuel_ignition_numbers/processed_data/dcn_mix_exp.csv,103,mix:103,train
mix,datasets/fuel_ignition_numbers/processed_data/dcn_mix_exp.csv,104,mix:104,train
mix,datasets/fuel_ignition_numbers/processed_data/dcn_mix_exp.csv,105,mix:105,train
mix,datasets/fuel_ignition_numbers/processed_data/dcn_mix_exp.csv,106,mix:106,train
mix,datasets/fuel_ignition_numbers/processed_data/dcn_mix_exp.csv,107,mix:107,train
mix,datasets/fuel_ignition_numbers/processed_data/dcn_mix_exp.csv,108,mix:108,train
mix,datasets/fuel_ignition_numbers/processed_data/dcn_mix_exp.csv,109,mix:109,train
mix,datasets/fuel_ignition_numbers/processed_data/dcn_mix_exp.csv,110,mix:110,train
mix,datasets/fuel_ignition_numbers/processed_data/dcn_mix_exp.csv,111,mix:111,val
mix,datasets/fuel_ignition_numbers/processed_data/dcn_mix_exp.csv,112,mix:112,val
mix,datasets/fuel_ignition_numbers/processed_data/dcn_mix_exp.csv,113,mix:113,val
mix,datasets/fuel_ignition_numbers/processed_data/dcn_mix_exp.csv,114,mix:114,val
mix,datasets/fuel_ignition_numbers/processed_data/dcn_mix_exp.csv,115,mix:115,train
mix,datasets/fuel_ignition_numbers/processed_data/dcn_mix_exp.csv,116,mix:116,train
mix,datasets/fuel_ignition_numbers/processed_data/dcn_mix_exp.csv,117,mix:117,train
mix,datasets/fuel_ignition_numbers/processed_data/dcn_mix_exp.csv,118,mix:118,train
mix,datasets/fuel_ignition_numbers/processed_data/dcn_mix_exp.csv,119,mix:119,train
mix,datasets/fuel_ignition_numbers/processed_data/dcn_mix_exp.csv,120,mix:120,train
mix,datasets/fuel_ignition_numbers/processed_data/dcn_mix_exp.csv,121,mix:121,train
mix,datasets/fuel_ignition_numbers/processed_data/dcn_mix_exp.csv,122,mix:122,train
mix,datasets/fuel_ignition_numbers/processed_data/dcn_mix_exp.csv,123,mix:123,test
mix,datasets/fuel_ignition_numbers/processed_data/dcn_mix_exp.csv,124,mix:124,test
mix,datasets/fuel_ignition_numbers/processed_data/dcn_mix_exp.csv,125,mix:125,test
mix,datasets/fuel_ignition_numbers/processed_data/dcn_mix_exp.csv,126,mix:126,train
mix,datasets/fuel_ignition_numbers/processed_data/dcn_mix_exp.csv,127,mix:127,train
mix,datasets/fuel_ignition_numbers/processed_data/dcn_mix_exp.csv,128,mix:128,train
mix,datasets/fuel_ignition_numbers/processed_data/dcn_mix_exp.csv,129,mix:129,train
mix,datasets/fuel_ignition_numbers/processed_data/dcn_mix_exp.csv,130,mix:130,train
mix,datasets/fuel_ignition_numbers/processed_data/dcn_mix_exp.csv,131,mix:131,train
mix,datasets/fuel_ignition_numbers/processed_data/dcn_mix_exp.csv,132,mix:132,train
mix,datasets/fuel_ignition_numbers/processed_data/dcn_mix_exp.csv,133,mix:133,train
mix,datasets/fuel_ignition_numbers/processed_data/dcn_mix_exp.csv,134,mix:134,train
mix,datasets/fuel_ignition_numbers/processed_data/dcn_mix_exp.csv,135,mix:135,train
mix,datasets/fuel_ignition_numbers/processed_data/dcn_mix_exp.csv,136,mix:136,train
mix,datasets/fuel_ignition_numbers/processed_data/dcn_mix_exp.csv,137,mix:137,train
mix,datasets/fuel_ignition_numbers/processed_data/dcn_mix_exp.csv,138,mix:138,train
mix,datasets/fuel_ignition_numbers/processed_data/dcn_mix_exp.csv,139,mix:139,train
mix,datasets/fuel_ignition_numbers/processed_data/dcn_mix_exp.csv,140,mix:140,train
mix,datasets/fuel_ignition_numbers/processed_data/dcn_mix_exp.csv,141,mix:141,train
mix,datasets/fuel_ignition_numbers/processed_data/dcn_mix_exp.csv,142,mix:142,train
mix,datasets/fuel_ignition_numbers/processed_data/dcn_mix_exp.csv,143,mix:143,train
mix,datasets/fuel_ignition_numbers/processed_data/dcn_mix_exp.csv,144,mix:144,train
mix,datasets/fuel_ignition_numbers/processed_data/dcn_mix_exp.csv,145,mix:145,train
mix,datasets/fuel_ignition_numbers/processed_data/dcn_mix_exp.csv,146,mix:146,train
mix,datasets/fuel_ignition_numbers/processed_data/dcn_mix_exp.csv,147,mix:147,train
mix,datasets/fuel_ignition_numbers/processed_data/dcn_mix_exp.csv,148,mix:148,train
mix,datasets/fuel_ignition_numbers/processed_data/dcn_mix_exp.csv,149,mix:149,train
mix,datasets/fuel_ignition_numbers/processed_data/dcn_mix_exp.csv,150,mix:150,train
mix,datasets/fuel_ignition_numbers/processed_data/dcn_mix_exp.csv,151,mix:151,train
mix,datasets/fuel_ignition_numbers/processed_data/dcn_mix_exp.csv,152,mix:152,train
mix,datasets/fuel_ignition_numbers/processed_data/dcn_mix_exp.csv,153,mix:153,train
mix,datasets/fuel_ignition_numbers/processed_data/dcn_mix_exp.csv,154,mix:154,train
mix,datasets/fuel_ignition_numbers/processed_data/dcn_mix_exp.csv,155,mix:155,train
mix,datasets/fuel_ignition_numbers/processed_data/dcn_mix_exp.csv,156,mix:156,train
mix,datasets/fuel_ignition_numbers/processed_data/dcn_mix_exp.csv,157,mix:157,train
mix,datasets/fuel_ignition_numbers/processed_data/dcn_mix_exp.csv,158,mix:158,train
mix,datasets/fuel_ignition_numbers/processed_data/dcn_mix_exp.csv,159,mix:159,train
mix,datasets/fuel_ignition_numbers/processed_data/dcn_mix_exp.csv,160,mix:160,train
mix,datasets/fuel_ignition_numbers/processed_data/dcn_mix_exp.csv,161,mix:161,train
mix,datasets/fuel_ignition_numbers/processed_data/dcn_mix_exp.csv,162,mix:162,train
mix,datasets/fuel_ignition_numbers/processed_data/dcn_mix_exp.csv,163,mix:163,train
mix,datasets/fuel_ignition_numbers/processed_data/dcn_mix_exp.csv,164,mix:164,train
mix,datasets/fuel_ignition_numbers/processed_data/dcn_mix_exp.csv,165,mix:165,train
mix,datasets/fuel_ignition_numbers/processed_data/dcn_mix_exp.csv,166,mix:166,train
mix,datasets/fuel_ignition_numbers/processed_data/dcn_mix_exp.csv,167,mix:167,train
mix,datasets/fuel_ignition_numbers/processed_data/dcn_mix_exp.csv,168,mix:168,train
mix,datasets/fuel_ignition_numbers/processed_data/dcn_mix_exp.csv,169,mix:169,train
mix,datasets/fuel_ignition_numbers/processed_data/dcn_mix_exp.csv,170,mix:170,train
mix,datasets/fuel_ignition_numbers/processed_data/dcn_mix_exp.csv,171,mix:171,train
mix,datasets/fuel_ignition_numbers/processed_data/dcn_mix_exp.csv,172,mix:172,train
mix,datasets/fuel_ignition_numbers/processed_data/dcn_mix_exp.csv,173,mix:173,train
mix,datasets/fuel_ignition_numbers/processed_data/dcn_mix_exp.csv,174,mix:174,train
mix,datasets/fuel_ignition_numbers/processed_data/dcn_mix_exp.csv,175,mix:175,train
mix,datasets/fuel_ignition_numbers/processed_data/dcn_mix_exp.csv,176,mix:176,train
mix,datasets/fuel_ignition_numbers/processed_data/dcn_mix_exp.csv,177,mix:177,train
mix,datasets/fuel_ignition_numbers/processed_data/dcn_mix_exp.csv,178,mix:178,train
mix,datasets/fuel_ignition_numbers/processed_data/dcn_mix_exp.csv,179,mix:179,train
mix,datasets/fuel_ignition_numbers/processed_data/dcn_mix_exp.csv,180,mix:180,train
mix,datasets/fuel_ignition_numbers/processed_data/dcn_mix_exp.csv,181,mix:181,train
mix,datasets/fuel_ignition_numbers/processed_data/dcn_mix_exp.csv,182,mix:182,train
mix,datasets/fuel_ignition_numbers/processed_data/dcn_mix_exp.csv,183,mix:183,train
mix,datasets/fuel_ignition_numbers/processed_data/dcn_mix_exp.csv,184,mix:184,train
mix,datasets/fuel_ignition_numbers/processed_data/dcn_mix_exp.csv,185,mix:185,train
mix,datasets/fuel_ignition_numbers/processed_data/dcn_mix_exp.csv,186,mix:186,train
mix,datasets/fuel_ignition_numbers/processed_data/dcn_mix_exp.csv,187,mix:187,train
mix,datasets/fuel_ignition_numbers/processed_data/dcn_mix_exp.csv,188,mix:188,train
mix,datasets/fuel_ignition_numbers/processed_data/dcn_mix_exp.csv,189,mix:189,train
mix,datasets/fuel_ignition_numbers/processed_data/dcn_mix_exp.csv,190,mix:190,train
mix,datasets/fuel_ignition_numbers/processed_data/dcn_mix_exp.csv,191,mix:191,train
mix,datasets/fuel_ignition_numbers/processed_data/dcn_mix_exp.csv,192,mix:192,train
mix,datasets/fuel_ignition_numbers/processed_data/dcn_mix_exp.csv,193,mix:193,train
mix,datasets/fuel_ignition_numbers/processed_data/dcn_mix_exp.csv,194,mix:194,train
mix,datasets/fuel_ignition_numbers/processed_data/dcn_mix_exp.csv,195,mix:195,train
mix,datasets/fuel_ignition_numbers/processed_data/dcn_mix_exp.csv,196,mix:196,train
mix,datasets/fuel_ignition_numbers/processed_data/dcn_mix_exp.csv,197,mix:197,train
mix,datasets/fuel_ignition_numbers/processed_data/dcn_mix_exp.csv,198,mix:198,train
mix,datasets/fuel_ignition_numbers/processed_data/dcn_mix_exp.csv,199,mix:199,train
mix,datasets/fuel_ignition_numbers/processed_data/dcn_mix_exp.csv,200,mix:200,train
mix,datasets/fuel_ignition_numbers/processed_data/dcn_mix_exp.csv,201,mix:201,train
mix,datasets/fuel_ignition_numbers/processed_data/dcn_mix_exp.csv,202,mix:202,train
mix,datasets/fuel_ignition_numbers/processed_data/dcn_mix_exp.csv,203,mix:203,train
mix,datasets/fuel_ignition_numbers/processed_data/dcn_mix_exp.csv,204,mix:204,train
mix,datasets/fuel_ignition_numbers/processed_data/dcn_mix_exp.csv,205,mix:205,train
mix,datasets/fuel_ignition_numbers/processed_data/dcn_mix_exp.csv,206,mix:206,train
mix,datasets/fuel_ignition_numbers/processed_data/dcn_mix_exp.csv,207,mix:207,train
mix,datasets/fuel_ignition_numbers/processed_data/dcn_mix_exp.csv,208,mix:208,train
mix,datasets/fuel_ignition_numbers/processed_data/dcn_mix_exp.csv,209,mix:209,train
mix,datasets/fuel_ignition_numbers/processed_data/dcn_mix_exp.csv,210,mix:210,train
mix,datasets/fuel_ignition_numbers/processed_data/dcn_mix_exp.csv,211,mix:211,train
mix,datasets/fuel_ignition_numbers/processed_data/dcn_mix_exp.csv,212,mix:212,train
mix,datasets/fuel_ignition_numbers/processed_data/dcn_mix_exp.csv,213,mix:213,train
mix,datasets/fuel_ignition_numbers/processed_data/dcn_mix_exp.csv,214,mix:214,train
mix,datasets/fuel_ignition_numbers/processed_data/dcn_mix_exp.csv,215,mix:215,train
mix,datasets/fuel_ignition_numbers/processed_data/dcn_mix_exp.csv,216,mix:216,train
mix,datasets/fuel_ignition_numbers/processed_data/dcn_mix_exp.csv,217,mix:217,test
mix,datasets/fuel_ignition_numbers/processed_data/dcn_mix_exp.csv,218,mix:218,test
mix,datasets/fuel_ignition_numbers/processed_data/dcn_mix_exp.csv,219,mix:219,test
mix,datasets/fuel_ignition_numbers/processed_data/dcn_mix_exp.csv,220,mix:220,test
mix,datasets/fuel_ignition_numbers/processed_data/dcn_mix_exp.csv,221,mix:221,test
mix,datasets/fuel_ignition_numbers/processed_data/dcn_mix_exp.csv,222,mix:222,test
mix,datasets/fuel_ignition_numbers/processed_data/dcn_mix_exp.csv,223,mix:223,test
mix,datasets/fuel_ignition_numbers/processed_data/dcn_mix_exp.csv,224,mix:224,test
mix,datasets/fuel_ignition_numbers/processed_data/dcn_mix_exp.csv,225,mix:225,test
mix,datasets/fuel_ignition_numbers/processed_data/dcn_mix_exp.csv,226,mix:226,test
mix,datasets/fuel_ignition_numbers/processed_data/dcn_mix_exp.csv,227,mix:227,test
mix,datasets/fuel_ignition_numbers/processed_data/dcn_mix_exp.csv,228,mix:228,test
mix,datasets/fuel_ignition_numbers/processed_data/dcn_mix_exp.csv,229,mix:229,train
mix,datasets/fuel_ignition_numbers/processed_data/dcn_mix_exp.csv,230,mix:230,train
mix,datasets/fuel_ignition_numbers/processed_data/dcn_mix_exp.csv,231,mix:231,train
mix,datasets/fuel_ignition_numbers/processed_data/dcn_mix_exp.csv,232,mix:232,train
mix,datasets/fuel_ignition_numbers/processed_data/dcn_mix_exp.csv,233,mix:233,train
mix,datasets/fuel_ignition_numbers/processed_data/dcn_mix_exp.csv,234,mix:234,train
mix,datasets/fuel_ignition_numbers/processed_data/dcn_mix_exp.csv,235,mix:235,train
mix,datasets/fuel_ignition_numbers/processed_data/dcn_mix_exp.csv,236,mix:236,train
mix,datasets/fuel_ignition_numbers/processed_data/dcn_mix_exp.csv,237,mix:237,train
mix,datasets/fuel_ignition_numbers/processed_data/dcn_mix_exp.csv,238,mix:238,train
mix,datasets/fuel_ignition_numbers/processed_data/dcn_mix_exp.csv,239,mix:239,train
mix,datasets/fuel_ignition_numbers/processed_data/dcn_mix_exp.csv,240,mix:240,train
mix,datasets/fuel_ignition_numbers/processed_data/dcn_mix_exp.csv,241,mix:241,train
mix,datasets/fuel_ignition_numbers/processed_data/dcn_mix_exp.csv,242,mix:242,train
mix,datasets/fuel_ignition_numbers/processed_data/dcn_mix_exp.csv,243,mix:243,train
mix,datasets/fuel_ignition_numbers/processed_data/dcn_mix_exp.csv,244,mix:244,train
mix,datasets/fuel_ignition_numbers/processed_data/dcn_mix_exp.csv,245,mix:245,train
mix,datasets/fuel_ignition_numbers/processed_data/dcn_mix_exp.csv,246,mix:246,train
mix,datasets/fuel_ignition_numbers/processed_data/dcn_mix_exp.csv,247,mix:247,train
mix,datasets/fuel_ignition_numbers/processed_data/dcn_mix_exp.csv,248,mix:248,train
mix,datasets/fuel_ignition_numbers/processed_data/dcn_mix_exp.csv,249,mix:249,train
mix,datasets/fuel_ignition_numbers/processed_data/dcn_mix_exp.csv,250,mix:250,test
mix,datasets/fuel_ignition_numbers/processed_data/dcn_mix_exp.csv,251,mix:251,test
mix,datasets/fuel_ignition_numbers/processed_data/dcn_mix_exp.csv,252,mix:252,test
mix,datasets/fuel_ignition_numbers/processed_data/dcn_mix_exp.csv,253,mix:253,test
mix,datasets/fuel_ignition_numbers/processed_data/dcn_mix_exp.csv,254,mix:254,test
mix,datasets/fuel_ignition_numbers/processed_data/dcn_mix_exp.csv,255,mix:255,train
mix,datasets/fuel_ignition_numbers/processed_data/dcn_mix_exp.csv,256,mix:256,train
mix,datasets/fuel_ignition_numbers/processed_data/dcn_mix_exp.csv,257,mix:257,train
mix,datasets/fuel_ignition_numbers/processed_data/dcn_mix_exp.csv,258,mix:258,train
mix,datasets/fuel_ignition_numbers/processed_data/dcn_mix_exp.csv,259,mix:259,train
mix,datasets/fuel_ignition_numbers/processed_data/dcn_mix_exp.csv,260,mix:260,train
mix,datasets/fuel_ignition_numbers/processed_data/dcn_mix_exp.csv,261,mix:261,train
mix,datasets/fuel_ignition_numbers/processed_data/dcn_mix_exp.csv,262,mix:262,train
mix,datasets/fuel_ignition_numbers/processed_data/dcn_mix_exp.csv,263,mix:263,train
mix,datasets/fuel_ignition_numbers/processed_data/dcn_mix_exp.csv,264,mix:264,train
mix,datasets/fuel_ignition_numbers/processed_data/dcn_mix_exp.csv,265,mix:265,train
mix,datasets/fuel_ignition_numbers/processed_data/dcn_mix_exp.csv,266,mix:266,train
mix,datasets/fuel_ignition_numbers/processed_data/dcn_mix_exp.csv,267,mix:267,train
mix,datasets/fuel_ignition_numbers/processed_data/dcn_mix_exp.csv,268,mix:268,train
mix,datasets/fuel_ignition_numbers/processed_data/dcn_mix_exp.csv,269,mix:269,train
mix,datasets/fuel_ignition_numbers/processed_data/dcn_mix_exp.csv,270,mix:270,train
mix,datasets/fuel_ignition_numbers/processed_data/dcn_mix_exp.csv,271,mix:271,train
mix,datasets/fuel_ignition_numbers/processed_data/dcn_mix_exp.csv,272,mix:272,train
mix,datasets/fuel_ignition_numbers/processed_data/dcn_mix_exp.csv,273,mix:273,train
mix,datasets/fuel_ignition_numbers/processed_data/dcn_mix_exp.csv,274,mix:274,train
mix,datasets/fuel_ignition_numbers/processed_data/dcn_mix_exp.csv,275,mix:275,test
mix,datasets/fuel_ignition_numbers/processed_data/dcn_mix_exp.csv,276,mix:276,test
mix,datasets/fuel_ignition_numbers/processed_data/dcn_mix_exp.csv,277,mix:277,test
mix,datasets/fuel_ignition_numbers/processed_data/dcn_mix_exp.csv,278,mix:278,test
mix,datasets/fuel_ignition_numbers/processed_data/dcn_mix_exp.csv,279,mix:279,test
mix,datasets/fuel_ignition_numbers/processed_data/dcn_mix_exp.csv,280,mix:280,train
mix,datasets/fuel_ignition_numbers/processed_data/dcn_mix_exp.csv,281,mix:281,train
mix,datasets/fuel_ignition_numbers/processed_data/dcn_mix_exp.csv,282,mix:282,train
mix,datasets/fuel_ignition_numbers/processed_data/dcn_mix_exp.csv,283,mix:283,train
mix,datasets/fuel_ignition_numbers/processed_data/dcn_mix_exp.csv,284,mix:284,train
mix,datasets/fuel_ignition_numbers/processed_data/dcn_mix_exp.csv,285,mix:285,train
mix,datasets/fuel_ignition_numbers/processed_data/dcn_mix_exp.csv,286,mix:286,test
mix,datasets/fuel_ignition_numbers/processed_data/dcn_mix_exp.csv,287,mix:287,test
mix,datasets/fuel_ignition_numbers/processed_data/dcn_mix_exp.csv,288,mix:288,test
mix,datasets/fuel_ignition_numbers/processed_data/dcn_mix_exp.csv,289,mix:289,test
mix,datasets/fuel_ignition_numbers/processed_data/dcn_mix_exp.csv,290,mix:290,train
mix,datasets/fuel_ignition_numbers/processed_data/dcn_mix_exp.csv,291,mix:291,train
mix,datasets/fuel_ignition_numbers/processed_data/dcn_mix_exp.csv,292,mix:292,train
mix,datasets/fuel_ignition_numbers/processed_data/dcn_mix_exp.csv,293,mix:293,train
mix,datasets/fuel_ignition_numbers/processed_data/dcn_mix_exp.csv,294,mix:294,train
mix,datasets/fuel_ignition_numbers/processed_data/dcn_mix_exp.csv,295,mix:295,train
mix,datasets/fuel_ignition_numbers/processed_data/dcn_mix_exp.csv,296,mix:296,train
mix,datasets/fuel_ignition_numbers/processed_data/dcn_mix_exp.csv,297,mix:297,train
mix,datasets/fuel_ignition_numbers/processed_data/dcn_mix_exp.csv,298,mix:298,val
mix,datasets/fuel_ignition_numbers/processed_data/dcn_mix_exp.csv,299,mix:299,val
mix,datasets/fuel_ignition_numbers/processed_data/dcn_mix_exp.csv,300,mix:300,val
mix,datasets/fuel_ignition_numbers/processed_data/dcn_mix_exp.csv,301,mix:301,val
mix,datasets/fuel_ignition_numbers/processed_data/dcn_mix_exp.csv,302,mix:302,train
mix,datasets/fuel_ignition_numbers/processed_data/dcn_mix_exp.csv,303,mix:303,train
mix,datasets/fuel_ignition_numbers/processed_data/dcn_mix_exp.csv,304,mix:304,train
mix,datasets/fuel_ignition_numbers/processed_data/dcn_mix_exp.csv,305,mix:305,val
mix,datasets/fuel_ignition_numbers/processed_data/dcn_mix_exp.csv,306,mix:306,val
mix,datasets/fuel_ignition_numbers/processed_data/dcn_mix_exp.csv,307,mix:307,val
mix,datasets/fuel_ignition_numbers/processed_data/dcn_mix_exp.csv,308,mix:308,val
mix,datasets/fuel_ignition_numbers/processed_data/dcn_mix_exp.csv,309,mix:309,val
mix,datasets/fuel_ignition_numbers/processed_data/dcn_mix_exp.csv,310,mix:310,val
mix,datasets/fuel_ignition_numbers/processed_data/dcn_mix_exp.csv,311,mix:311,train
mix,datasets/fuel_ignition_numbers/processed_data/dcn_mix_exp.csv,312,mix:312,train
mix,datasets/fuel_ignition_numbers/processed_data/dcn_mix_exp.csv,313,mix:313,train
mix,datasets/fuel_ignition_numbers/processed_data/dcn_mix_exp.csv,314,mix:314,train
mix,datasets/fuel_ignition_numbers/processed_data/dcn_mix_exp.csv,315,mix:315,train
mix,datasets/fuel_ignition_numbers/processed_data/dcn_mix_exp.csv,316,mix:316,train
mix,datasets/fuel_ignition_numbers/processed_data/dcn_mix_exp.csv,317,mix:317,train
mix,datasets/fuel_ignition_numbers/processed_data/dcn_mix_exp.csv,318,mix:318,train
mix,datasets/fuel_ignition_numbers/processed_data/dcn_mix_exp.csv,319,mix:319,train
mix,datasets/fuel_ignition_numbers/processed_data/dcn_mix_exp.csv,320,mix:320,train
mix,datasets/fuel_ignition_numbers/processed_data/dcn_mix_exp.csv,321,mix:321,train
mix,datasets/fuel_ignition_numbers/processed_data/dcn_mix_exp.csv,322,mix:322,train
mix,datasets/fuel_ignition_numbers/processed_data/dcn_mix_exp.csv,323,mix:323,train
mix,datasets/fuel_ignition_numbers/processed_data/dcn_mix_exp.csv,324,mix:324,train
mix,datasets/fuel_ignition_numbers/processed_data/dcn_mix_exp.csv,325,mix:325,train
mix,datasets/fuel_ignition_numbers/processed_data/dcn_mix_exp.csv,326,mix:326,train
mix,datasets/fuel_ignition_numbers/processed_data/dcn_mix_exp.csv,327,mix:327,train
mix,datasets/fuel_ignition_numbers/processed_data/dcn_mix_exp.csv,328,mix:328,train
mix,datasets/fuel_ignition_numbers/processed_data/dcn_mix_exp.csv,329,mix:329,train
mix,datasets/fuel_ignition_numbers/processed_data/dcn_mix_exp.csv,330,mix:330,train
mix,datasets/fuel_ignition_numbers/processed_data/dcn_mix_exp.csv,331,mix:331,train
mix,datasets/fuel_ignition_numbers/processed_data/dcn_mix_exp.csv,332,mix:332,train
mix,datasets/fuel_ignition_numbers/processed_data/dcn_mix_exp.csv,333,mix:333,train
mix,datasets/fuel_ignition_numbers/processed_data/dcn_mix_exp.csv,334,mix:334,train
mix,datasets/fuel_ignition_numbers/processed_data/dcn_mix_exp.csv,335,mix:335,train
mix,datasets/fuel_ignition_numbers/processed_data/dcn_mix_exp.csv,336,mix:336,train
mix,datasets/fuel_ignition_numbers/processed_data/dcn_mix_exp.csv,337,mix:337,train
mix,datasets/fuel_ignition_numbers/processed_data/dcn_mix_exp.csv,338,mix:338,train
mix,datasets/fuel_ignition_numbers/processed_data/dcn_mix_exp.csv,339,mix:339,train
mix,datasets/fuel_ignition_numbers/processed_data/dcn_mix_exp.csv,340,mix:340,train
mix,datasets/fuel_ignition_numbers/processed_data/dcn_mix_exp.csv,341,mix:341,train
mix,datasets/fuel_ignition_numbers/processed_data/dcn_mix_exp.csv,342,mix:342,train
mix,datasets/fuel_ignition_numbers/processed_data/dcn_mix_exp.csv,343,mix:343,train
mix,datasets/fuel_ignition_numbers/processed_data/dcn_mix_exp.csv,344,mix:344,train
mix,datasets/fuel_ignition_numbers/processed_data/dcn_mix_exp.csv,345,mix:345,train
mix,datasets/fuel_ignition_numbers/processed_data/dcn_mix_exp.csv,346,mix:346,train
mix,datasets/fuel_ignition_numbers/processed_data/dcn_mix_exp.csv,347,mix:347,train
mix,datasets/fuel_ignition_numbers/processed_data/dcn_mix_exp.csv,348,mix:348,train
mix,datasets/fuel_ignition_numbers/processed_data/dcn_mix_exp.csv,349,mix:349,train
mix,datasets/fuel_ignition_numbers/processed_data/dcn_mix_exp.csv,350,mix:350,train
mix,datasets/fuel_ignition_numbers/processed_data/dcn_mix_exp.csv,351,mix:351,train
mix,datasets/fuel_ignition_numbers/processed_data/dcn_mix_exp.csv,352,mix:352,train
mix,datasets/fuel_ignition_numbers/processed_data/dcn_mix_exp.csv,353,mix:353,train
mix,datasets/fuel_ignition_numbers/processed_data/dcn_mix_exp.csv,354,mix:354,train
mix,datasets/fuel_ignition_numbers/processed_data/dcn_mix_exp.csv,355,mix:355,train
mix,datasets/fuel_ignition_numbers/processed_data/dcn_mix_exp.csv,356,mix:356,train
mix,datasets/fuel_ignition_numbers/processed_data/dcn_mix_exp.csv,357,mix:357,train
mix,datasets/fuel_ignition_numbers/processed_data/dcn_mix_exp.csv,358,mix:358,train
mix,datasets/fuel_ignition_numbers/processed_data/dcn_mix_exp.csv,359,mix:359,train
mix,datasets/fuel_ignition_numbers/processed_data/dcn_mix_exp.csv,360,mix:360,train
mix,datasets/fuel_ignition_numbers/processed_data/dcn_mix_exp.csv,361,mix:361,train
mix,datasets/fuel_ignition_numbers/processed_data/dcn_mix_exp.csv,362,mix:362,train
mix,datasets/fuel_ignition_numbers/processed_data/dcn_mix_exp.csv,363,mix:363,train
mix,datasets/fuel_ignition_numbers/processed_data/dcn_mix_exp.csv,364,mix:364,train
mix,datasets/fuel_ignition_numbers/processed_data/dcn_mix_exp.csv,365,mix:365,train
mix,datasets/fuel_ignition_numbers/processed_data/dcn_mix_exp.csv,366,mix:366,train
mix,datasets/fuel_ignition_numbers/processed_data/dcn_mix_exp.csv,367,mix:367,train
mix,datasets/fuel_ignition_numbers/processed_data/dcn_mix_exp.csv,368,mix:368,train
mix,datasets/fuel_ignition_numbers/processed_data/dcn_mix_exp.csv,369,mix:369,train
mix,datasets/fuel_ignition_numbers/processed_data/dcn_mix_exp.csv,370,mix:370,train
mix,datasets/fuel_ignition_numbers/processed_data/dcn_mix_exp.csv,371,mix:371,train
mix,datasets/fuel_ignition_numbers/processed_data/dcn_mix_exp.csv,372,mix:372,train
mix,datasets/fuel_ignition_numbers/processed_data/dcn_mix_exp.csv,373,mix:373,train
mix,datasets/fuel_ignition_numbers/processed_data/dcn_mix_exp.csv,374,mix:374,train
mix,datasets/fuel_ignition_numbers/processed_data/dcn_mix_exp.csv,375,mix:375,train
mix,datasets/fuel_ignition_numbers/processed_data/dcn_mix_exp.csv,376,mix:376,train
mix,datasets/fuel_ignition_numbers/processed_data/dcn_mix_exp.csv,377,mix:377,train
mix,datasets/fuel_ignition_numbers/processed_data/dcn_mix_exp.csv,378,mix:378,train
mix,datasets/fuel_ignition_numbers/processed_data/dcn_mix_exp.csv,379,mix:379,train
mix,datasets/fuel_ignition_numbers/processed_data/dcn_mix_exp.csv,380,mix:380,train
mix,datasets/fuel_ignition_numbers/processed_data/dcn_mix_exp.csv,381,mix:381,train
mix,datasets/fuel_ignition_numbers/processed_data/dcn_mix_exp.csv,382,mix:382,train
mix,datasets/fuel_ignition_numbers/processed_data/dcn_mix_exp.csv,383,mix:383,train
mix,datasets/fuel_ignition_numbers/processed_data/dcn_mix_exp.csv,384,mix:384,train
mix,datasets/fuel_ignition_numbers/processed_data/dcn_mix_exp.csv,385,mix:385,train
mix,datasets/fuel_ignition_numbers/processed_data/dcn_mix_exp.csv,386,mix:386,train
mix,datasets/fuel_ignition_numbers/processed_data/dcn_mix_exp.csv,387,mix:387,train
mix,datasets/fuel_ignition_numbers/processed_data/dcn_mix_exp.csv,388,mix:388,train
mix,datasets/fuel_ignition_numbers/processed_data/dcn_mix_exp.csv,389,mix:389,train
mix,datasets/fuel_ignition_numbers/processed_data/dcn_mix_exp.csv,390,mix:390,train
mix,datasets/fuel_ignition_numbers/processed_data/dcn_mix_exp.csv,391,mix:391,train
mix,datasets/fuel_ignition_numbers/processed_data/dcn_mix_exp.csv,392,mix:392,train
mix,datasets/fuel_ignition_numbers/processed_data/dcn_mix_exp.csv,393,mix:393,train
mix,datasets/fuel_ignition_numbers/processed_data/dcn_mix_exp.csv,394,mix:394,train
mix,datasets/fuel_ignition_numbers/processed_data/dcn_mix_exp.csv,395,mix:395,train
mix,datasets/fuel_ignition_numbers/processed_data/dcn_mix_exp.csv,396,mix:396,train
mix,datasets/fuel_ignition_numbers/processed_data/dcn_mix_exp.csv,397,mix:397,train
mix,datasets/fuel_ignition_numbers/processed_data/dcn_mix_exp.csv,398,mix:398,train
mix,datasets/fuel_ignition_numbers/processed_data/dcn_mix_exp.csv,399,mix:399,train
mix,datasets/fuel_ignition_numbers/processed_data/dcn_mix_exp.csv,400,mix:400,train
mix,datasets/fuel_ignition_numbers/processed_data/dcn_mix_exp.csv,401,mix:401,train
mix,datasets/fuel_ignition_numbers/processed_data/dcn_mix_exp.csv,402,mix:402,train
mix,datasets/fuel_ignition_numbers/processed_data/dcn_mix_exp.csv,403,mix:403,train
mix,datasets/fuel_ignition_numbers/processed_data/dcn_mix_exp.csv,404,mix:404,train
mix,datasets/fuel_ignition_numbers/processed_data/dcn_mix_exp.csv,405,mix:405,train
mix,datasets/fuel_ignition_numbers/processed_data/dcn_mix_exp.csv,406,mix:406,train
mix,datasets/fuel_ignition_numbers/processed_data/dcn_mix_exp.csv,407,mix:407,train
mix,datasets/fuel_ignition_numbers/processed_data/dcn_mix_exp.csv,408,mix:408,train
mix,datasets/fuel_ignition_numbers/processed_data/dcn_mix_exp.csv,409,mix:409,train
mix,datasets/fuel_ignition_numbers/processed_data/dcn_mix_exp.csv,410,mix:410,train
mix,datasets/fuel_ignition_numbers/processed_data/dcn_mix_exp.csv,411,mix:411,train
mix,datasets/fuel_ignition_numbers/processed_data/dcn_mix_exp.csv,412,mix:412,train
mix,datasets/fuel_ignition_numbers/processed_data/dcn_mix_exp.csv,413,mix:413,train
mix,datasets/fuel_ignition_numbers/processed_data/dcn_mix_exp.csv,414,mix:414,train
mix,datasets/fuel_ignition_numbers/processed_data/dcn_mix_exp.csv,415,mix:415,train
mix,datasets/fuel_ignition_numbers/processed_data/dcn_mix_exp.csv,416,mix:416,train
mix,datasets/fuel_ignition_numbers/processed_data/dcn_mix_exp.csv,417,mix:417,train
mix,datasets/fuel_ignition_numbers/processed_data/dcn_mix_exp.csv,418,mix:418,train
mix,datasets/fuel_ignition_numbers/processed_data/dcn_mix_exp.csv,419,mix:419,train
mix,datasets/fuel_ignition_numbers/processed_data/dcn_mix_exp.csv,420,mix:420,train
mix,datasets/fuel_ignition_numbers/processed_data/dcn_mix_exp.csv,421,mix:421,train
mix,datasets/fuel_ignition_numbers/processed_data/dcn_mix_exp.csv,422,mix:422,train
mix,datasets/fuel_ignition_numbers/processed_data/dcn_mix_exp.csv,423,mix:423,train
mix,datasets/fuel_ignition_numbers/processed_data/dcn_mix_exp.csv,424,mix:424,train
mix,datasets/fuel_ignition_numbers/processed_data/dcn_mix_exp.csv,425,mix:425,train
mix,datasets/fuel_ignition_numbers/processed_data/dcn_mix_exp.csv,426,mix:426,train
mix,datasets/fuel_ignition_numbers/processed_data/dcn_mix_exp.csv,427,mix:427,train
mix,datasets/fuel_ignition_numbers/processed_data/dcn_mix_exp.csv,428,mix:428,train
mix,datasets/fuel_ignition_numbers/processed_data/dcn_mix_exp.csv,429,mix:429,train
mix,datasets/fuel_ignition_numbers/processed_data/dcn_mix_exp.csv,430,mix:430,train
mix,datasets/fuel_ignition_numbers/processed_data/dcn_mix_exp.csv,431,mix:431,train
mix,datasets/fuel_ignition_numbers/processed_data/dcn_mix_exp.csv,432,mix:432,train
mix,datasets/fuel_ignition_numbers/processed_data/dcn_mix_exp.csv,433,mix:433,train
mix,datasets/fuel_ignition_numbers/processed_data/dcn_mix_exp.csv,434,mix:434,train
mix,datasets/fuel_ignition_numbers/processed_data/dcn_mix_exp.csv,435,mix:435,train
mix,datasets/fuel_ignition_numbers/processed_data/dcn_mix_exp.csv,436,mix:436,train
mix,datasets/fuel_ignition_numbers/processed_data/dcn_mix_exp.csv,437,mix:437,train
mix,datasets/fuel_ignition_numbers/processed_data/dcn_mix_exp.csv,438,mix:438,train
mix,datasets/fuel_ignition_numbers/processed_data/dcn_mix_exp.csv,439,mix:439,train
mix,datasets/fuel_ignition_numbers/processed_data/dcn_mix_exp.csv,440,mix:440,train
mix,datasets/fuel_ignition_numbers/processed_data/dcn_mix_exp.csv,441,mix:441,train
mix,datasets/fuel_ignition_numbers/processed_data/dcn_mix_exp.csv,442,mix:442,train
mix,datasets/fuel_ignition_numbers/processed_data/dcn_mix_exp.csv,443,mix:443,train
mix,datasets/fuel_ignition_numbers/processed_data/dcn_mix_exp.csv,444,mix:444,train
mix,datasets/fuel_ignition_numbers/processed_data/dcn_mix_exp.csv,445,mix:445,train
mix,datasets/fuel_ignition_numbers/processed_data/dcn_mix_exp.csv,446,mix:446,train
mix,datasets/fuel_ignition_numbers/processed_data/dcn_mix_exp.csv,447,mix:447,train
mix,datasets/fuel_ignition_numbers/processed_data/dcn_mix_exp.csv,448,mix:448,train
mix,datasets/fuel_ignition_numbers/processed_data/dcn_mix_exp.csv,449,mix:449,train
mix,datasets/fuel_ignition_numbers/processed_data/dcn_mix_exp.csv,450,mix:450,train
mix,datasets/fuel_ignition_numbers/processed_data/dcn_mix_exp.csv,451,mix:451,train
mix,datasets/fuel_ignition_numbers/processed_data/dcn_mix_exp.csv,452,mix:452,train
mix,datasets/fuel_ignition_numbers/processed_data/dcn_mix_exp.csv,453,mix:453,train
mix,datasets/fuel_ignition_numbers/processed_data/dcn_mix_exp.csv,454,mix:454,train
mix,datasets/fuel_ignition_numbers/processed_data/dcn_mix_exp.csv,455,mix:455,train
mix,datasets/fuel_ignition_numbers/processed_data/dcn_mix_exp.csv,456,mix:456,train
mix,datasets/fuel_ignition_numbers/processed_data/dcn_mix_exp.csv,457,mix:457,train
mix,datasets/fuel_ignition_numbers/processed_data/dcn_mix_exp.csv,458,mix:458,train
mix,datasets/fuel_ignition_numbers/processed_data/dcn_mix_exp.csv,459,mix:459,train
mix,datasets/fuel_ignition_numbers/processed_data/dcn_mix_exp.csv,460,mix:460,train
mix,datasets/fuel_ignition_numbers/processed_data/dcn_mix_exp.csv,461,mix:461,train
mix,datasets/fuel_ignition_numbers/processed_data/dcn_mix_exp.csv,462,mix:462,train
mix,datasets/fuel_ignition_numbers/processed_data/dcn_mix_exp.csv,463,mix:463,train
mix,datasets/fuel_ignition_numbers/processed_data/dcn_mix_exp.csv,464,mix:464,train
mix,datasets/fuel_ignition_numbers/processed_data/dcn_mix_exp.csv,465,mix:465,train
mix,datasets/fuel_ignition_numbers/processed_data/dcn_mix_exp.csv,466,mix:466,train
mix,datasets/fuel_ignition_numbers/processed_data/dcn_mix_exp.csv,467,mix:467,train
mix,datasets/fuel_ignition_numbers/processed_data/dcn_mix_exp.csv,468,mix:468,train
mix,datasets/fuel_ignition_numbers/processed_data/dcn_mix_exp.csv,469,mix:469,train
mix,datasets/fuel_ignition_numbers/processed_data/dcn_mix_exp.csv,470,mix:470,train
mix,datasets/fuel_ignition_numbers/processed_data/dcn_mix_exp.csv,471,mix:471,train
mix,datasets/fuel_ignition_numbers/processed_data/dcn_mix_exp.csv,472,mix:472,train
mix,datasets/fuel_ignition_numbers/processed_data/dcn_mix_exp.csv,473,mix:473,train
mix,datasets/fuel_ignition_numbers/processed_data/dcn_mix_exp.csv,474,mix:474,test
mix,datasets/fuel_ignition_numbers/processed_data/dcn_mix_exp.csv,475,mix:475,test
mix,datasets/fuel_ignition_numbers/processed_data/dcn_mix_exp.csv,476,mix:476,test
mix,datasets/fuel_ignition_numbers/processed_data/dcn_mix_exp.csv,477,mix:477,test
mix,datasets/fuel_ignition_numbers/processed_data/dcn_mix_exp.csv,478,mix:478,test
mix,datasets/fuel_ignition_numbers/processed_data/dcn_mix_exp.csv,479,mix:479,train
mix,datasets/fuel_ignition_numbers/processed_data/dcn_mix_exp.csv,480,mix:480,train
mix,datasets/fuel_ignition_numbers/processed_data/dcn_mix_exp.csv,481,mix:481,train
mix,datasets/fuel_ignition_numbers/processed_data/dcn_mix_exp.csv,482,mix:482,train
mix,datasets/fuel_ignition_numbers/processed_data/dcn_mix_exp.csv,483,mix:483,train
