source_row_index,value,unit,fraction_type,component_inchi_0,fraction_0,component_inchi_1,fraction_1,component_inchi_2,fraction_2,component_inchi_3,fraction_3,y_true,y_pred
0,71.85000000000002,Celcius,molar,"InChI=1S/C14H30/c1-3-5-7-9-11-13-14-12-10-8-6-4-2/h3-14H2,1-2H3",0.539,"InChI=1S/C10H22/c1-3-5-7-9-10-8-6-4-2/h3-10H2,1-2H3",0.251,"InChI=1S/C12H26/c1-3-5-7-9-11-12-10-8-6-4-2/h3-12H2,1-2H3",0.21,,0.0,71.85000000000002,66.01318
1,65.35000000000002,Celcius,molar,"InChI=1S/C10H22/c1-3-5-7-9-10-8-6-4-2/h3-10H2,1-2H3",0.392,"InChI=1S/C12H26/c1-3-5-7-9-11-12-10-8-6-4-2/h3-12H2,1-2H3",0.327,"InChI=1S/C14H30/c1-3-5-7-9-11-13-14-12-10-8-6-4-2/h3-14H2,1-2H3",0.281,,0.0,65.35000000000002,56.994423
2,56.85000000000002,Celcius,molar,"InChI=1S/C10H22/c1-3-5-7-9-10-8-6-4-2/h3-10H2,1-2H3",0.659,"InChI=1S/C12H26/c1-3-5-7-9-11-12-10-8-6-4-2/h3-12H2,1-2H3",0.183,"InChI=1S/C14H30/c1-3-5-7-9-11-13-14-12-10-8-6-4-2/h3-14H2,1-2H3",0.158,,0.0,56.85000000000002,47.22366
115,48.85000000000002,Celcius,molar,"InChI=1S/C9H12/c1-7-4-5-8(2)9(3)6-7/h4-6H,1-3H3",0.899,"InChI=1S/C12H26/c1-10(8-11(2,3)4)9-12(5,6)7/h10H,8-9H2,1-7H3",0.101,,0.0,,0.0,48.85000000000002,45.98271
116,47.85000000000002,Celcius,molar,"InChI=1S/C9H12/c1-7-4-5-8(2)9(3)6-7/h4-6H,1-3H3",0.8,"InChI=1S/C12H26/c1-10(8-11(2,3)4)9-12(5,6)7/h10H,8-9H2,1-7H3",0.2,,0.0,,0.0,47.85000000000002,46.114048
117,46.85000000000002,Celcius,molar,"InChI=1S/C9H12/c1-7-4-5-8(2)9(3)6-7/h4-6H,1-3H3",0.7,"InChI=1S/C12H26/c1-10(8-11(2,3)4)9-12(5,6)7/h10H,8-9H2,1-7H3",0.3,,0.0,,0.0,46.85000000000002,45.66532
118,46.85000000000002,Celcius,molar,"InChI=1S/C9H12/c1-7-4-5-8(2)9(3)6-7/h4-6H,1-3H3",0.6,"InChI=1S/C12H26/c1-10(8-11(2,3)4)9-12(5,6)7/h10H,8-9H2,1-7H3",0.4,,0.0,,0.0,46.85000000000002,44.38401
119,45.85000000000002,Celcius,molar,"InChI=1S/C12H26/c1-10(8-11(2,3)4)9-12(5,6)7/h10H,8-9H2,1-7H3",0.502,"InChI=1S/C9H12/c1-7-4-5-8(2)9(3)6-7/h4-6H,1-3H3",0.498,,0.0,,0.0,45.85000000000002,42.86217
120,45.85000000000002,Celcius,molar,"InChI=1S/C12H26/c1-10(8-11(2,3)4)9-12(5,6)7/h10H,8-9H2,1-7H3",0.6,"InChI=1S/C9H12/c1-7-4-5-8(2)9(3)6-7/h4-6H,1-3H3",0.4,,0.0,,0.0,45.85000000000002,41.81997
121,45.85000000000002,Celcius,molar,"InChI=1S/C12H26/c1-10(8-11(2,3)4)9-12(5,6)7/h10H,8-9H2,1-7H3",0.7,"InChI=1S/C9H12/c1-7-4-5-8(2)9(3)6-7/h4-6H,1-3H3",0.3,,0.0,,0.0,45.85000000000002,41.337975
122,45.85000000000002,Celcius,molar,"InChI=1S/C12H26/c1-10(8-11(2,3)4)9-12(5,6)7/h10H,8-9H2,1-7H3",0.799,"InChI=1S/C9H12/c1-7-4-5-8(2)9(3)6-7/h4-6H,1-3H3",0.201,,0.0,,0.0,45.85000000000002,40.95036
123,45.85000000000002,Celcius,molar,"InChI=1S/C12H26/c1-10(8-11(2,3)4)9-12(5,6)7/h10H,8-9H2,1-7H3",0.908,"InChI=1S/C9H12/c1-7-4-5-8(2)9(3)6-7/h4-6H,1-3H3",0.092,,0.0,,0.0,45.85000000000002,40.80297
124,46.85000000000002,Celcius,molar,"InChI=1S/C9H12/c1-7-4-8(2)6-9(3)5-7/h4-6H,1-3H3",0.9,"InChI=1S/C12H26/c1-10(8-11(2,3)4)9-12(5,6)7/h10H,8-9H2,1-7H3",0.1,,0.0,,0.0,46.85000000000002,40.404144
125,45.85000000000002,Celcius,molar,"InChI=1S/C9H12/c1-7-4-8(2)6-9(3)5-7/h4-6H,1-3H3",0.8,"InChI=1S/C12H26/c1-10(8-11(2,3)4)9-12(5,6)7/h10H,8-9H2,1-7H3",0.2,,0.0,,0.0,45.85000000000002,41.74044
126,45.85000000000002,Celcius,molar,"InChI=1S/C9H12/c1-7-4-8(2)6-9(3)5-7/h4-6H,1-3H3",0.7,"InChI=1S/C12H26/c1-10(8-11(2,3)4)9-12(5,6)7/h10H,8-9H2,1-7H3",0.3,,0.0,,0.0,45.85000000000002,42.448273
127,44.85000000000002,Celcius,molar,"InChI=1S/C9H12/c1-7-4-8(2)6-9(3)5-7/h4-6H,1-3H3",0.6,"InChI=1S/C12H26/c1-10(8-11(2,3)4)9-12(5,6)7/h10H,8-9H2,1-7H3",0.4,,0.0,,0.0,44.85000000000002,42.096844
128,44.85000000000002,Celcius,molar,"InChI=1S/C12H26/c1-10(8-11(2,3)4)9-12(5,6)7/h10H,8-9H2,1-7H3",0.502,"InChI=1S/C9H12/c1-7-4-8(2)6-9(3)5-7/h4-6H,1-3H3",0.498,,0.0,,0.0,44.85000000000002,41.723225
129,44.85000000000002,Celcius,molar,"InChI=1S/C12H26/c1-10(8-11(2,3)4)9-12(5,6)7/h10H,8-9H2,1-7H3",0.599,"InChI=1S/C9H12/c1-7-4-8(2)6-9(3)5-7/h4-6H,1-3H3",0.401,,0.0,,0.0,44.85000000000002,41.175922
130,44.85000000000002,Celcius,molar,"InChI=1S/C12H26/c1-10(8-11(2,3)4)9-12(5,6)7/h10H,8-9H2,1-7H3",0.699,"InChI=1S/C9H12/c1-7-4-8(2)6-9(3)5-7/h4-6H,1-3H3",0.301,,0.0,,0.0,44.85000000000002,40.877934
131,44.85000000000002,Celcius,molar,"InChI=1S/C12H26/c1-10(8-11(2,3)4)9-12(5,6)7/h10H,8-9H2,1-7H3",0.8,"InChI=1S/C9H12/c1-7-4-8(2)6-9(3)5-7/h4-6H,1-3H3",0.2,,0.0,,0.0,44.85000000000002,40.631104
132,45.85000000000002,Celcius,molar,"InChI=1S/C12H26/c1-10(8-11(2,3)4)9-12(5,6)7/h10H,8-9H2,1-7H3",0.9,"InChI=1S/C9H12/c1-7-4-8(2)6-9(3)5-7/h4-6H,1-3H3",0.1,,0.0,,0.0,45.85000000000002,40.6685
154,130.0,Celcius,molar,"InChI=1S/C16H34/c1-3-5-7-9-11-13-15-16-14-12-10-8-6-4-2/h3-16H2,1-2H3",0.882,"InChI=1S/C14H22/c1-2-3-4-5-6-8-11-14-12-9-7-10-13-14/h7,9-10,12-13H,2-6,8,11H2,1H3",0.118,,0.0,,0.0,130.0,123.128006
155,128.0,Celcius,molar,"InChI=1S/C16H34/c1-3-5-7-9-11-13-15-16-14-12-10-8-6-4-2/h3-16H2,1-2H3",0.77,"InChI=1S/C14H22/c1-2-3-4-5-6-8-11-14-12-9-7-10-13-14/h7,9-10,12-13H,2-6,8,11H2,1H3",0.23,,0.0,,0.0,128.0,118.529236
156,124.0,Celcius,molar,"InChI=1S/C16H34/c1-3-5-7-9-11-13-15-16-14-12-10-8-6-4-2/h3-16H2,1-2H3",0.662,"InChI=1S/C14H22/c1-2-3-4-5-6-8-11-14-12-9-7-10-13-14/h7,9-10,12-13H,2-6,8,11H2,1H3",0.338,,0.0,,0.0,124.0,114.143875
157,122.0,Celcius,molar,"InChI=1S/C16H34/c1-3-5-7-9-11-13-15-16-14-12-10-8-6-4-2/h3-16H2,1-2H3",0.558,"InChI=1S/C14H22/c1-2-3-4-5-6-8-11-14-12-9-7-10-13-14/h7,9-10,12-13H,2-6,8,11H2,1H3",0.442,,0.0,,0.0,122.0,110.003235
158,120.0,Celcius,molar,"InChI=1S/C14H22/c1-2-3-4-5-6-8-11-14-12-9-7-10-13-14/h7,9-10,12-13H,2-6,8,11H2,1H3",0.543,"InChI=1S/C16H34/c1-3-5-7-9-11-13-15-16-14-12-10-8-6-4-2/h3-16H2,1-2H3",0.457,,0.0,,0.0,120.0,106.17932
159,119.0,Celcius,molar,"InChI=1S/C14H22/c1-2-3-4-5-6-8-11-14-12-9-7-10-13-14/h7,9-10,12-13H,2-6,8,11H2,1H3",0.641,"InChI=1S/C16H34/c1-3-5-7-9-11-13-15-16-14-12-10-8-6-4-2/h3-16H2,1-2H3",0.359,,0.0,,0.0,119.0,102.91974
160,119.0,Celcius,molar,"InChI=1S/C14H22/c1-2-3-4-5-6-8-11-14-12-9-7-10-13-14/h7,9-10,12-13H,2-6,8,11H2,1H3",0.735,"InChI=1S/C16H34/c1-3-5-7-9-11-13-15-16-14-12-10-8-6-4-2/h3-16H2,1-2H3",0.265,,0.0,,0.0,119.0,100.35675
161,117.0,Celcius,molar,"InChI=1S/C14H22/c1-2-3-4-5-6-8-11-14-12-9-7-10-13-14/h7,9-10,12-13H,2-6,8,11H2,1H3",0.826,"InChI=1S/C16H34/c1-3-5-7-9-11-13-15-16-14-12-10-8-6-4-2/h3-16H2,1-2H3",0.174,,0.0,,0.0,117.0,98.72828
162,116.0,Celcius,molar,"InChI=1S/C14H22/c1-2-3-4-5-6-8-11-14-12-9-7-10-13-14/h7,9-10,12-13H,2-6,8,11H2,1H3",0.915,"InChI=1S/C16H34/c1-3-5-7-9-11-13-15-16-14-12-10-8-6-4-2/h3-16H2,1-2H3",0.085,,0.0,,0.0,116.0,97.55081
188,156.0,Celcius,molar,"InChI=1S/C18H30/c1-2-3-4-5-6-7-8-9-10-12-15-18-16-13-11-14-17-18/h11,13-14,16-17H,2-10,12,15H2,1H3",0.892,"InChI=1S/C16H34/c1-3-5-7-9-11-13-15-16-14-12-10-8-6-4-2/h3-16H2,1-2H3",0.108,,0.0,,0.0,156.0,142.44533
189,151.0,Celcius,molar,"InChI=1S/C18H30/c1-2-3-4-5-6-7-8-9-10-12-15-18-16-13-11-14-17-18/h11,13-14,16-17H,2-10,12,15H2,1H3",0.786,"InChI=1S/C16H34/c1-3-5-7-9-11-13-15-16-14-12-10-8-6-4-2/h3-16H2,1-2H3",0.214,,0.0,,0.0,151.0,140.69157
190,148.0,Celcius,molar,"InChI=1S/C18H30/c1-2-3-4-5-6-7-8-9-10-12-15-18-16-13-11-14-17-18/h11,13-14,16-17H,2-10,12,15H2,1H3",0.682,"InChI=1S/C16H34/c1-3-5-7-9-11-13-15-16-14-12-10-8-6-4-2/h3-16H2,1-2H3",0.318,,0.0,,0.0,148.0,139.06964
191,144.0,Celcius,molar,"InChI=1S/C18H30/c1-2-3-4-5-6-7-8-9-10-12-15-18-16-13-11-14-17-18/h11,13-14,16-17H,2-10,12,15H2,1H3",0.579,"InChI=1S/C16H34/c1-3-5-7-9-11-13-15-16-14-12-10-8-6-4-2/h3-16H2,1-2H3",0.421,,0.0,,0.0,144.0,137.5236
192,142.0,Celcius,molar,"InChI=1S/C16H34/c1-3-5-7-9-11-13-15-16-14-12-10-8-6-4-2/h3-16H2,1-2H3",0.521,"InChI=1S/C18H30/c1-2-3-4-5-6-7-8-9-10-12-15-18-16-13-11-14-17-18/h11,13-14,16-17H,2-10,12,15H2,1H3",0.479,,0.0,,0.0,142.0,136.03769
193,139.0,Celcius,molar,"InChI=1S/C16H34/c1-3-5-7-9-11-13-15-16-14-12-10-8-6-4-2/h3-16H2,1-2H3",0.62,"InChI=1S/C18H30/c1-2-3-4-5-6-7-8-9-10-12-15-18-16-13-11-14-17-18/h11,13-14,16-17H,2-10,12,15H2,1H3",0.38,,0.0,,0.0,139.0,134.57054
194,137.0,Celcius,molar,"InChI=1S/C16H34/c1-3-5-7-9-11-13-15-16-14-12-10-8-6-4-2/h3-16H2,1-2H3",0.717,"InChI=1S/C18H30/c1-2-3-4-5-6-7-8-9-10-12-15-18-16-13-11-14-17-18/h11,13-14,16-17H,2-10,12,15H2,1H3",0.283,,0.0,,0.0,137.0,133.1434
195,136.0,Celcius,molar,"InChI=1S/C16H34/c1-3-5-7-9-11-13-15-16-14-12-10-8-6-4-2/h3-16H2,1-2H3",0.813,"InChI=1S/C18H30/c1-2-3-4-5-6-7-8-9-10-12-15-18-16-13-11-14-17-18/h11,13-14,16-17H,2-10,12,15H2,1H3",0.187,,0.0,,0.0,136.0,131.53178
196,134.0,Celcius,molar,"InChI=1S/C16H34/c1-3-5-7-9-11-13-15-16-14-12-10-8-6-4-2/h3-16H2,1-2H3",0.907,"InChI=1S/C18H30/c1-2-3-4-5-6-7-8-9-10-12-15-18-16-13-11-14-17-18/h11,13-14,16-17H,2-10,12,15H2,1H3",0.093,,0.0,,0.0,134.0,129.75316
268,38.35,Celcius,molar,"InChI=1S/C4H10O/c1-2-3-4-5/h5H,2-4H2,1H3",0.9,"InChI=1S/C2H4O2/c1-2(3)4/h1H3,(H,3,4)",0.1,,0.0,,0.0,38.35,34.293613
269,39.65,Celcius,molar,"InChI=1S/C4H10O/c1-2-3-4-5/h5H,2-4H2,1H3",0.8,"InChI=1S/C2H4O2/c1-2(3)4/h1H3,(H,3,4)",0.2,,0.0,,0.0,39.65,33.637226
270,40.75,Celcius,molar,"InChI=1S/C4H10O/c1-2-3-4-5/h5H,2-4H2,1H3",0.7,"InChI=1S/C2H4O2/c1-2(3)4/h1H3,(H,3,4)",0.3,,0.0,,0.0,40.75,33.92527
271,41.85,Celcius,molar,"InChI=1S/C4H10O/c1-2-3-4-5/h5H,2-4H2,1H3",0.6,"InChI=1S/C2H4O2/c1-2(3)4/h1H3,(H,3,4)",0.4,,0.0,,0.0,41.85,34.454903
272,42.6,Celcius,molar,"InChI=1S/C2H4O2/c1-2(3)4/h1H3,(H,3,4)",0.5,"InChI=1S/C4H10O/c1-2-3-4-5/h5H,2-4H2,1H3",0.5,,0.0,,0.0,42.6,35.07241
273,43.35,Celcius,molar,"InChI=1S/C2H4O2/c1-2(3)4/h1H3,(H,3,4)",0.6,"InChI=1S/C4H10O/c1-2-3-4-5/h5H,2-4H2,1H3",0.4,,0.0,,0.0,43.35,35.534367
274,43.2,Celcius,molar,"InChI=1S/C2H4O2/c1-2(3)4/h1H3,(H,3,4)",0.7,"InChI=1S/C4H10O/c1-2-3-4-5/h5H,2-4H2,1H3",0.3,,0.0,,0.0,43.2,35.791943
275,42.75,Celcius,molar,"InChI=1S/C2H4O2/c1-2(3)4/h1H3,(H,3,4)",0.8,"InChI=1S/C4H10O/c1-2-3-4-5/h5H,2-4H2,1H3",0.2,,0.0,,0.0,42.75,36.172585
276,41.55,Celcius,molar,"InChI=1S/C2H4O2/c1-2(3)4/h1H3,(H,3,4)",0.9,"InChI=1S/C4H10O/c1-2-3-4-5/h5H,2-4H2,1H3",0.1,,0.0,,0.0,41.55,37.052803
277,-3.0,Celcius,molar,"InChI=1S/C4H8O/c1-3-4(2)5/h3H2,1-2H3",0.851,"InChI=1S/C2H4O2/c1-2(3)4/h1H3,(H,3,4)",0.149,,0.0,,0.0,-3.0,1.4543762
278,0.0,Celcius,molar,"InChI=1S/C4H8O/c1-3-4(2)5/h3H2,1-2H3",0.717,"InChI=1S/C2H4O2/c1-2(3)4/h1H3,(H,3,4)",0.283,,0.0,,0.0,0.0,7.0854607
279,1.0,Celcius,molar,"InChI=1S/C4H8O/c1-3-4(2)5/h3H2,1-2H3",0.597,"InChI=1S/C2H4O2/c1-2(3)4/h1H3,(H,3,4)",0.403,,0.0,,0.0,1.0,12.71138
280,1.0,Celcius,molar,"InChI=1S/C2H4O2/c1-2(3)4/h1H3,(H,3,4)",0.512,"InChI=1S/C4H8O/c1-3-4(2)5/h3H2,1-2H3",0.488,,0.0,,0.0,1.0,17.63858
281,4.0,Celcius,molar,"InChI=1S/C2H4O2/c1-2(3)4/h1H3,(H,3,4)",0.612,"InChI=1S/C4H8O/c1-3-4(2)5/h3H2,1-2H3",0.388,,0.0,,0.0,4.0,21.10428
282,10.0,Celcius,molar,"InChI=1S/C2H4O2/c1-2(3)4/h1H3,(H,3,4)",0.703,"InChI=1S/C4H8O/c1-3-4(2)5/h3H2,1-2H3",0.297,,0.0,,0.0,10.0,24.164957
283,18.0,Celcius,molar,"InChI=1S/C2H4O2/c1-2(3)4/h1H3,(H,3,4)",0.786,"InChI=1S/C4H8O/c1-3-4(2)5/h3H2,1-2H3",0.214,,0.0,,0.0,18.0,27.192719
284,24.0,Celcius,molar,"InChI=1S/C2H4O2/c1-2(3)4/h1H3,(H,3,4)",0.863,"InChI=1S/C4H8O/c1-3-4(2)5/h3H2,1-2H3",0.137,,0.0,,0.0,24.0,30.729576
285,32.0,Celcius,molar,"InChI=1S/C2H4O2/c1-2(3)4/h1H3,(H,3,4)",0.934,"InChI=1S/C4H8O/c1-3-4(2)5/h3H2,1-2H3",0.066,,0.0,,0.0,32.0,34.511665
286,50.6,Celcius,molar,"InChI=1S/C5H12O/c1-2-3-4-5-6/h6H,2-5H2,1H3",0.9,"InChI=1S/C2H4O2/c1-2(3)4/h1H3,(H,3,4)",0.1,,0.0,,0.0,50.6,42.251297
287,50.3,Celcius,molar,"InChI=1S/C5H12O/c1-2-3-4-5-6/h6H,2-5H2,1H3",0.8,"InChI=1S/C2H4O2/c1-2(3)4/h1H3,(H,3,4)",0.2,,0.0,,0.0,50.3,39.237194
288,49.8,Celcius,molar,"InChI=1S/C5H12O/c1-2-3-4-5-6/h6H,2-5H2,1H3",0.7,"InChI=1S/C2H4O2/c1-2(3)4/h1H3,(H,3,4)",0.3,,0.0,,0.0,49.8,37.86238
289,49.1,Celcius,molar,"InChI=1S/C5H12O/c1-2-3-4-5-6/h6H,2-5H2,1H3",0.6,"InChI=1S/C2H4O2/c1-2(3)4/h1H3,(H,3,4)",0.4,,0.0,,0.0,49.1,37.816265
290,48.4,Celcius,molar,"InChI=1S/C2H4O2/c1-2(3)4/h1H3,(H,3,4)",0.5,"InChI=1S/C5H12O/c1-2-3-4-5-6/h6H,2-5H2,1H3",0.5,,0.0,,0.0,48.4,37.72992
291,47.6,Celcius,molar,"InChI=1S/C2H4O2/c1-2(3)4/h1H3,(H,3,4)",0.6,"InChI=1S/C5H12O/c1-2-3-4-5-6/h6H,2-5H2,1H3",0.4,,0.0,,0.0,47.6,37.64999
292,46.1,Celcius,molar,"InChI=1S/C2H4O2/c1-2(3)4/h1H3,(H,3,4)",0.7,"InChI=1S/C5H12O/c1-2-3-4-5-6/h6H,2-5H2,1H3",0.3,,0.0,,0.0,46.1,37.54922
293,44.1,Celcius,molar,"InChI=1S/C2H4O2/c1-2(3)4/h1H3,(H,3,4)",0.8,"InChI=1S/C5H12O/c1-2-3-4-5-6/h6H,2-5H2,1H3",0.2,,0.0,,0.0,44.1,37.444
294,43.1,Celcius,molar,"InChI=1S/C2H4O2/c1-2(3)4/h1H3,(H,3,4)",0.9,"InChI=1S/C5H12O/c1-2-3-4-5-6/h6H,2-5H2,1H3",0.1,,0.0,,0.0,43.1,37.83727
366,36.15,Celcius,molar,"InChI=1S/C5H12O/c1-3-4-5(2)6/h5-6H,3-4H2,1-2H3",0.9,"InChI=1S/C2H4O2/c1-2(3)4/h1H3,(H,3,4)",0.1,,0.0,,0.0,36.15,34.682392
367,37.9,Celcius,molar,"InChI=1S/C5H12O/c1-3-4-5(2)6/h5-6H,3-4H2,1-2H3",0.8,"InChI=1S/C2H4O2/c1-2(3)4/h1H3,(H,3,4)",0.2,,0.0,,0.0,37.9,34.46701
368,39.65,Celcius,molar,"InChI=1S/C5H12O/c1-3-4-5(2)6/h5-6H,3-4H2,1-2H3",0.7,"InChI=1S/C2H4O2/c1-2(3)4/h1H3,(H,3,4)",0.3,,0.0,,0.0,39.65,34.64904
369,41.0,Celcius,molar,"InChI=1S/C5H12O/c1-3-4-5(2)6/h5-6H,3-4H2,1-2H3",0.6,"InChI=1S/C2H4O2/c1-2(3)4/h1H3,(H,3,4)",0.4,,0.0,,0.0,41.0,34.849693
370,42.75,Celcius,molar,"InChI=1S/C2H4O2/c1-2(3)4/h1H3,(H,3,4)",0.5,"InChI=1S/C5H12O/c1-3-4-5(2)6/h5-6H,3-4H2,1-2H3",0.5,,0.0,,0.0,42.75,35.10317
371,43.05,Celcius,molar,"InChI=1S/C2H4O2/c1-2(3)4/h1H3,(H,3,4)",0.6,"InChI=1S/C5H12O/c1-3-4-5(2)6/h5-6H,3-4H2,1-2H3",0.4,,0.0,,0.0,43.05,35.335186
372,42.7,Celcius,molar,"InChI=1S/C2H4O2/c1-2(3)4/h1H3,(H,3,4)",0.7,"InChI=1S/C5H12O/c1-3-4-5(2)6/h5-6H,3-4H2,1-2H3",0.3,,0.0,,0.0,42.7,35.674145
373,42.05,Celcius,molar,"InChI=1S/C2H4O2/c1-2(3)4/h1H3,(H,3,4)",0.8,"InChI=1S/C5H12O/c1-3-4-5(2)6/h5-6H,3-4H2,1-2H3",0.2,,0.0,,0.0,42.05,36.339333
374,41.7,Celcius,molar,"InChI=1S/C2H4O2/c1-2(3)4/h1H3,(H,3,4)",0.9,"InChI=1S/C5H12O/c1-3-4-5(2)6/h5-6H,3-4H2,1-2H3",0.1,,0.0,,0.0,41.7,37.172752
401,44.9,Celcius,molar,InChI=1S/C6H10O/c7-6-4-2-1-3-5-6/h1-5H2,0.9,"InChI=1S/C2H4O2/c1-2(3)4/h1H3,(H,3,4)",0.1,,0.0,,0.0,44.9,46.86885
402,44.6,Celcius,molar,InChI=1S/C6H10O/c7-6-4-2-1-3-5-6/h1-5H2,0.8,"InChI=1S/C2H4O2/c1-2(3)4/h1H3,(H,3,4)",0.2,,0.0,,0.0,44.6,44.186832
403,44.4,Celcius,molar,InChI=1S/C6H10O/c7-6-4-2-1-3-5-6/h1-5H2,0.7,"InChI=1S/C2H4O2/c1-2(3)4/h1H3,(H,3,4)",0.3,,0.0,,0.0,44.4,42.10064
404,44.0,Celcius,molar,InChI=1S/C6H10O/c7-6-4-2-1-3-5-6/h1-5H2,0.6,"InChI=1S/C2H4O2/c1-2(3)4/h1H3,(H,3,4)",0.4,,0.0,,0.0,44.0,40.978127
405,43.7,Celcius,molar,"InChI=1S/C2H4O2/c1-2(3)4/h1H3,(H,3,4)",0.5,InChI=1S/C6H10O/c7-6-4-2-1-3-5-6/h1-5H2,0.5,,0.0,,0.0,43.7,40.289623
406,43.3,Celcius,molar,"InChI=1S/C2H4O2/c1-2(3)4/h1H3,(H,3,4)",0.6,InChI=1S/C6H10O/c7-6-4-2-1-3-5-6/h1-5H2,0.4,,0.0,,0.0,43.3,39.707207
407,42.8,Celcius,molar,"InChI=1S/C2H4O2/c1-2(3)4/h1H3,(H,3,4)",0.7,InChI=1S/C6H10O/c7-6-4-2-1-3-5-6/h1-5H2,0.3,,0.0,,0.0,42.8,39.241837
408,42.4,Celcius,molar,"InChI=1S/C2H4O2/c1-2(3)4/h1H3,(H,3,4)",0.8,InChI=1S/C6H10O/c7-6-4-2-1-3-5-6/h1-5H2,0.2,,0.0,,0.0,42.4,39.00805
409,41.6,Celcius,molar,"InChI=1S/C2H4O2/c1-2(3)4/h1H3,(H,3,4)",0.9,InChI=1S/C6H10O/c7-6-4-2-1-3-5-6/h1-5H2,0.1,,0.0,,0.0,41.6,38.851994
410,61.8,Celcius,molar,"InChI=1S/C6H14O/c1-2-3-4-5-6-7/h7H,2-6H2,1H3",0.9,"InChI=1S/C2H4O2/c1-2(3)4/h1H3,(H,3,4)",0.1,,0.0,,0.0,61.8,57.2715
411,59.9,Celcius,molar,"InChI=1S/C6H14O/c1-2-3-4-5-6-7/h7H,2-6H2,1H3",0.8,"InChI=1S/C2H4O2/c1-2(3)4/h1H3,(H,3,4)",0.2,,0.0,,0.0,59.9,49.042927
412,57.0,Celcius,molar,"InChI=1S/C6H14O/c1-2-3-4-5-6-7/h7H,2-6H2,1H3",0.7,"InChI=1S/C2H4O2/c1-2(3)4/h1H3,(H,3,4)",0.3,,0.0,,0.0,57.0,43.364105
413,54.5,Celcius,molar,"InChI=1S/C6H14O/c1-2-3-4-5-6-7/h7H,2-6H2,1H3",0.6,"InChI=1S/C2H4O2/c1-2(3)4/h1H3,(H,3,4)",0.4,,0.0,,0.0,54.5,42.031036
414,51.8,Celcius,molar,"InChI=1S/C2H4O2/c1-2(3)4/h1H3,(H,3,4)",0.5,"InChI=1S/C6H14O/c1-2-3-4-5-6-7/h7H,2-6H2,1H3",0.5,,0.0,,0.0,51.8,41.20261
415,49.1,Celcius,molar,"InChI=1S/C2H4O2/c1-2(3)4/h1H3,(H,3,4)",0.6,"InChI=1S/C6H14O/c1-2-3-4-5-6-7/h7H,2-6H2,1H3",0.4,,0.0,,0.0,49.1,40.487133
416,46.6,Celcius,molar,"InChI=1S/C2H4O2/c1-2(3)4/h1H3,(H,3,4)",0.7,"InChI=1S/C6H14O/c1-2-3-4-5-6-7/h7H,2-6H2,1H3",0.3,,0.0,,0.0,46.6,39.647243
417,44.9,Celcius,molar,"InChI=1S/C2H4O2/c1-2(3)4/h1H3,(H,3,4)",0.8,"InChI=1S/C6H14O/c1-2-3-4-5-6-7/h7H,2-6H2,1H3",0.2,,0.0,,0.0,44.9,38.913654
418,43.4,Celcius,molar,"InChI=1S/C2H4O2/c1-2(3)4/h1H3,(H,3,4)",0.9,"InChI=1S/C6H14O/c1-2-3-4-5-6-7/h7H,2-6H2,1H3",0.1,,0.0,,0.0,43.4,38.686607
419,39.5,Celcius,molar,"InChI=1S/C7H14O2/c1-3-5-7(8)9-6-4-2/h3-6H2,1-2H3",0.9,"InChI=1S/C2H4O2/c1-2(3)4/h1H3,(H,3,4)",0.1,,0.0,,0.0,39.5,37.422943
420,39.7,Celcius,molar,"InChI=1S/C7H14O2/c1-3-5-7(8)9-6-4-2/h3-6H2,1-2H3",0.8,"InChI=1S/C2H4O2/c1-2(3)4/h1H3,(H,3,4)",0.2,,0.0,,0.0,39.7,37.373943
421,39.9,Celcius,molar,"InChI=1S/C7H14O2/c1-3-5-7(8)9-6-4-2/h3-6H2,1-2H3",0.7,"InChI=1S/C2H4O2/c1-2(3)4/h1H3,(H,3,4)",0.3,,0.0,,0.0,39.9,37.579884
422,40.0,Celcius,molar,"InChI=1S/C7H14O2/c1-3-5-7(8)9-6-4-2/h3-6H2,1-2H3",0.6,"InChI=1S/C2H4O2/c1-2(3)4/h1H3,(H,3,4)",0.4,,0.0,,0.0,40.0,37.642902
423,40.15,Celcius,molar,"InChI=1S/C2H4O2/c1-2(3)4/h1H3,(H,3,4)",0.5,"InChI=1S/C7H14O2/c1-3-5-7(8)9-6-4-2/h3-6H2,1-2H3",0.5,,0.0,,0.0,40.15,37.710125
424,40.31,Celcius,molar,"InChI=1S/C2H4O2/c1-2(3)4/h1H3,(H,3,4)",0.6,"InChI=1S/C7H14O2/c1-3-5-7(8)9-6-4-2/h3-6H2,1-2H3",0.4,,0.0,,0.0,40.31,37.681828
425,40.41,Celcius,molar,"InChI=1S/C2H4O2/c1-2(3)4/h1H3,(H,3,4)",0.7,"InChI=1S/C7H14O2/c1-3-5-7(8)9-6-4-2/h3-6H2,1-2H3",0.3,,0.0,,0.0,40.41,37.670376
426,40.53,Celcius,molar,"InChI=1S/C2H4O2/c1-2(3)4/h1H3,(H,3,4)",0.8,"InChI=1S/C7H14O2/c1-3-5-7(8)9-6-4-2/h3-6H2,1-2H3",0.2,,0.0,,0.0,40.53,37.80256
427,40.62,Celcius,molar,"InChI=1S/C2H4O2/c1-2(3)4/h1H3,(H,3,4)",0.9,"InChI=1S/C7H14O2/c1-3-5-7(8)9-6-4-2/h3-6H2,1-2H3",0.1,,0.0,,0.0,40.62,38.197853
428,23.25,Celcius,molar,"InChI=1S/C8H10/c1-2-8-6-4-3-5-7-8/h3-7H,2H2,1H3",0.9,"InChI=1S/C2H4O2/c1-2(3)4/h1H3,(H,3,4)",0.1,,0.0,,0.0,23.25,21.058662
429,22.55,Celcius,molar,"InChI=1S/C8H10/c1-2-8-6-4-3-5-7-8/h3-7H,2H2,1H3",0.8,"InChI=1S/C2H4O2/c1-2(3)4/h1H3,(H,3,4)",0.2,,0.0,,0.0,22.55,22.24511
430,22.85,Celcius,molar,"InChI=1S/C8H10/c1-2-8-6-4-3-5-7-8/h3-7H,2H2,1H3",0.7,"InChI=1S/C2H4O2/c1-2(3)4/h1H3,(H,3,4)",0.3,,0.0,,0.0,22.85,23.002647
431,23.0,Celcius,molar,"InChI=1S/C8H10/c1-2-8-6-4-3-5-7-8/h3-7H,2H2,1H3",0.6,"InChI=1S/C2H4O2/c1-2(3)4/h1H3,(H,3,4)",0.4,,0.0,,0.0,23.0,23.651505
432,23.2,Celcius,molar,"InChI=1S/C2H4O2/c1-2(3)4/h1H3,(H,3,4)",0.5,"InChI=1S/C8H10/c1-2-8-6-4-3-5-7-8/h3-7H,2H2,1H3",0.5,,0.0,,0.0,23.2,24.504032
433,23.45,Celcius,molar,"InChI=1S/C2H4O2/c1-2(3)4/h1H3,(H,3,4)",0.6,"InChI=1S/C8H10/c1-2-8-6-4-3-5-7-8/h3-7H,2H2,1H3",0.4,,0.0,,0.0,23.45,26.278347
434,24.65,Celcius,molar,"InChI=1S/C2H4O2/c1-2(3)4/h1H3,(H,3,4)",0.7,"InChI=1S/C8H10/c1-2-8-6-4-3-5-7-8/h3-7H,2H2,1H3",0.3,,0.0,,0.0,24.65,28.134123
435,26.0,Celcius,molar,"InChI=1S/C2H4O2/c1-2(3)4/h1H3,(H,3,4)",0.8,"InChI=1S/C8H10/c1-2-8-6-4-3-5-7-8/h3-7H,2H2,1H3",0.2,,0.0,,0.0,26.0,30.903288
436,28.65,Celcius,molar,"InChI=1S/C2H4O2/c1-2(3)4/h1H3,(H,3,4)",0.9,"InChI=1S/C8H10/c1-2-8-6-4-3-5-7-8/h3-7H,2H2,1H3",0.1,,0.0,,0.0,28.65,34.272938
450,-4.149999999999977,Celcius,molar,"InChI=1S/C4H8O2/c1-3-6-4(2)5/h3H2,1-2H3",0.917,"InChI=1S/C2H6O/c1-2-3/h3H,2H2,1H3",0.083,,0.0,,0.0,-4.149999999999977,-4.2376595
451,-1.6499999999999773,Celcius,molar,"InChI=1S/C4H8O2/c1-3-6-4(2)5/h3H2,1-2H3",0.908,"InChI=1S/C2H6O/c1-2-3/h3H,2H2,1H3",0.092,,0.0,,0.0,-1.6499999999999773,-4.1780243
452,-1.1499999999999773,Celcius,molar,"InChI=1S/C4H8O2/c1-3-6-4(2)5/h3H2,1-2H3",0.896,"InChI=1S/C2H6O/c1-2-3/h3H,2H2,1H3",0.104,,0.0,,0.0,-1.1499999999999773,-4.0985146
453,-1.1499999999999773,Celcius,molar,"InChI=1S/C4H8O2/c1-3-6-4(2)5/h3H2,1-2H3",0.881,"InChI=1S/C2H6O/c1-2-3/h3H,2H2,1H3",0.119,,0.0,,0.0,-1.1499999999999773,-3.9991188
454,-0.1499999999999772,Celcius,molar,"InChI=1S/C4H8O2/c1-3-6-4(2)5/h3H2,1-2H3",0.86,"InChI=1S/C2H6O/c1-2-3/h3H,2H2,1H3",0.14,,0.0,,0.0,-0.1499999999999772,-3.8621864
455,1.8500000000000227,Celcius,molar,"InChI=1S/C4H8O2/c1-3-6-4(2)5/h3H2,1-2H3",0.831,"InChI=1S/C2H6O/c1-2-3/h3H,2H2,1H3",0.169,,0.0,,0.0,1.8500000000000227,-3.6754532
456,3.850000000000023,Celcius,molar,"InChI=1S/C4H8O2/c1-3-6-4(2)5/h3H2,1-2H3",0.787,"InChI=1S/C2H6O/c1-2-3/h3H,2H2,1H3",0.213,,0.0,,0.0,3.850000000000023,-3.3921394
457,6.850000000000023,Celcius,molar,"InChI=1S/C4H8O2/c1-3-6-4(2)5/h3H2,1-2H3",0.711,"InChI=1S/C2H6O/c1-2-3/h3H,2H2,1H3",0.289,,0.0,,0.0,6.850000000000023,-2.86895
458,7.850000000000023,Celcius,molar,"InChI=1S/C4H8O2/c1-3-6-4(2)5/h3H2,1-2H3",0.552,"InChI=1S/C2H6O/c1-2-3/h3H,2H2,1H3",0.448,,0.0,,0.0,7.850000000000023,-1.4330978
524,14.3,Celcius,molar,"InChI=1S/C3H8O/c1-3(2)4/h3-4H,1-2H3",0.846,"InChI=1S/C2H6O2/c3-1-2-4/h3-4H,1-2H2",0.154,,0.0,,0.0,14.3,21.41267
525,22.0,Celcius,molar,"InChI=1S/C3H8O/c1-3(2)4/h3-4H,1-2H3",0.599,"InChI=1S/C2H6O2/c3-1-2-4/h3-4H,1-2H2",0.401,,0.0,,0.0,22.0,28.185205
526,22.5,Celcius,molar,"InChI=1S/C2H6O2/c3-1-2-4/h3-4H,1-2H2",0.598,"InChI=1S/C3H8O/c1-3(2)4/h3-4H,1-2H3",0.402,,0.0,,0.0,22.5,32.924263
527,26.5,Celcius,molar,"InChI=1S/C2H6O2/c3-1-2-4/h3-4H,1-2H2",0.75,"InChI=1S/C3H8O/c1-3(2)4/h3-4H,1-2H3",0.25,,0.0,,0.0,26.5,36.28412
528,31.0,Celcius,molar,"InChI=1S/C2H6O2/c3-1-2-4/h3-4H,1-2H2",0.85,"InChI=1S/C3H8O/c1-3(2)4/h3-4H,1-2H3",0.15,,0.0,,0.0,31.0,39.99031
529,36.0,Celcius,molar,"InChI=1S/C2H6O2/c3-1-2-4/h3-4H,1-2H2",0.886,"InChI=1S/C3H8O/c1-3(2)4/h3-4H,1-2H3",0.114,,0.0,,0.0,36.0,44.576035
530,47.0,Celcius,molar,"InChI=1S/C2H6O2/c3-1-2-4/h3-4H,1-2H2",0.939,"InChI=1S/C3H8O/c1-3(2)4/h3-4H,1-2H3",0.061,,0.0,,0.0,47.0,52.59887
531,63.5,Celcius,molar,"InChI=1S/C2H6O2/c3-1-2-4/h3-4H,1-2H2",0.973,"InChI=1S/C3H8O/c1-3(2)4/h3-4H,1-2H3",0.027,,0.0,,0.0,63.5,57.62703
532,85.0,Celcius,molar,"InChI=1S/C2H6O2/c3-1-2-4/h3-4H,1-2H2",0.991,"InChI=1S/C3H8O/c1-3(2)4/h3-4H,1-2H3",0.009,,0.0,,0.0,85.0,60.11605
541,36.80000000000001,Celcius,molar,"InChI=1S/C4H10O/c1-2-3-4-5/h5H,2-4H2,1H3",0.88,"InChI=1S/C3H6O2/c1-2-3(4)5/h2H2,1H3,(H,4,5)",0.12,,0.0,,0.0,36.80000000000001,36.00012
542,39.900000000000034,Celcius,molar,"InChI=1S/C4H10O/c1-2-3-4-5/h5H,2-4H2,1H3",0.765,"InChI=1S/C3H6O2/c1-2-3(4)5/h2H2,1H3,(H,4,5)",0.235,,0.0,,0.0,39.900000000000034,35.920338
543,41.80000000000001,Celcius,molar,"InChI=1S/C4H10O/c1-2-3-4-5/h5H,2-4H2,1H3",0.655,"InChI=1S/C3H6O2/c1-2-3(4)5/h2H2,1H3,(H,4,5)",0.345,,0.0,,0.0,41.80000000000001,36.811
544,42.80000000000001,Celcius,molar,"InChI=1S/C4H10O/c1-2-3-4-5/h5H,2-4H2,1H3",0.55,"InChI=1S/C3H6O2/c1-2-3(4)5/h2H2,1H3,(H,4,5)",0.45,,0.0,,0.0,42.80000000000001,37.495674
545,45.0,Celcius,molar,"InChI=1S/C3H6O2/c1-2-3(4)5/h2H2,1H3,(H,4,5)",0.551,"InChI=1S/C4H10O/c1-2-3-4-5/h5H,2-4H2,1H3",0.449,,0.0,,0.0,45.0,38.129745
546,46.0,Celcius,molar,"InChI=1S/C3H6O2/c1-2-3(4)5/h2H2,1H3,(H,4,5)",0.648,"InChI=1S/C4H10O/c1-2-3-4-5/h5H,2-4H2,1H3",0.352,,0.0,,0.0,46.0,38.78567
547,46.0,Celcius,molar,"InChI=1S/C3H6O2/c1-2-3(4)5/h2H2,1H3,(H,4,5)",0.741,"InChI=1S/C4H10O/c1-2-3-4-5/h5H,2-4H2,1H3",0.259,,0.0,,0.0,46.0,39.68416
548,47.80000000000001,Celcius,molar,"InChI=1S/C3H6O2/c1-2-3(4)5/h2H2,1H3,(H,4,5)",0.831,"InChI=1S/C4H10O/c1-2-3-4-5/h5H,2-4H2,1H3",0.169,,0.0,,0.0,47.80000000000001,41.299118
549,49.80000000000001,Celcius,molar,"InChI=1S/C3H6O2/c1-2-3(4)5/h2H2,1H3,(H,4,5)",0.917,"InChI=1S/C4H10O/c1-2-3-4-5/h5H,2-4H2,1H3",0.083,,0.0,,0.0,49.80000000000001,44.17452
550,-2.9,Celcius,molar,"InChI=1S/C4H6O2/c1-3-4(5)6-2/h3H,1H2,2H3",0.9,InChI=1S/C3H6O2/c1-3(4)5-2/h1-2H3,0.1,,0.0,,0.0,-2.9,-0.66968536
551,-4.9,Celcius,molar,"InChI=1S/C4H6O2/c1-3-4(5)6-2/h3H,1H2,2H3",0.8,InChI=1S/C3H6O2/c1-3(4)5-2/h1-2H3,0.2,,0.0,,0.0,-4.9,-1.9596558
552,-5.6,Celcius,molar,"InChI=1S/C4H6O2/c1-3-4(5)6-2/h3H,1H2,2H3",0.7,InChI=1S/C3H6O2/c1-3(4)5-2/h1-2H3,0.3,,0.0,,0.0,-5.6,-3.290821
553,-7.8,Celcius,molar,"InChI=1S/C4H6O2/c1-3-4(5)6-2/h3H,1H2,2H3",0.6,InChI=1S/C3H6O2/c1-3(4)5-2/h1-2H3,0.4,,0.0,,0.0,-7.8,-4.7212677
554,-8.8,Celcius,molar,InChI=1S/C3H6O2/c1-3(4)5-2/h1-2H3,0.5,"InChI=1S/C4H6O2/c1-3-4(5)6-2/h3H,1H2,2H3",0.5,,0.0,,0.0,-8.8,-6.1512604
555,-10.5,Celcius,molar,InChI=1S/C3H6O2/c1-3(4)5-2/h1-2H3,0.6,"InChI=1S/C4H6O2/c1-3-4(5)6-2/h3H,1H2,2H3",0.4,,0.0,,0.0,-10.5,-7.586029
556,-11.6,Celcius,molar,InChI=1S/C3H6O2/c1-3(4)5-2/h1-2H3,0.7,"InChI=1S/C4H6O2/c1-3-4(5)6-2/h3H,1H2,2H3",0.3,,0.0,,0.0,-11.6,-9.019192
557,-11.9,Celcius,molar,InChI=1S/C3H6O2/c1-3(4)5-2/h1-2H3,0.8,"InChI=1S/C4H6O2/c1-3-4(5)6-2/h3H,1H2,2H3",0.2,,0.0,,0.0,-11.9,-10.442577
558,-13.5,Celcius,molar,InChI=1S/C3H6O2/c1-3(4)5-2/h1-2H3,0.9,"InChI=1S/C4H6O2/c1-3-4(5)6-2/h3H,1H2,2H3",0.1,,0.0,,0.0,-13.5,-11.864811
599,-1.75,Celcius,molar,"InChI=1S/C4H8O/c1-3-4(2)5/h3H2,1-2H3",0.885,"InChI=1S/C3H8O/c1-3(2)4/h3-4H,1-2H3",0.115,,0.0,,0.0,-1.75,-3.5028076
600,-1.75,Celcius,molar,"InChI=1S/C4H8O/c1-3-4(2)5/h3H2,1-2H3",0.773,"InChI=1S/C3H8O/c1-3(2)4/h3-4H,1-2H3",0.227,,0.0,,0.0,-1.75,-2.2343407
601,0.1500000000000113,Celcius,molar,"InChI=1S/C4H8O/c1-3-4(2)5/h3H2,1-2H3",0.666,"InChI=1S/C3H8O/c1-3(2)4/h3-4H,1-2H3",0.334,,0.0,,0.0,0.1500000000000113,-0.6388359
602,-0.6499999999999773,Celcius,molar,"InChI=1S/C4H8O/c1-3-4(2)5/h3H2,1-2H3",0.561,"InChI=1S/C3H8O/c1-3(2)4/h3-4H,1-2H3",0.439,,0.0,,0.0,-0.6499999999999773,1.7256699
603,1.25,Celcius,molar,"InChI=1S/C3H8O/c1-3(2)4/h3-4H,1-2H3",0.539,"InChI=1S/C4H8O/c1-3-4(2)5/h3H2,1-2H3",0.461,,0.0,,0.0,1.25,4.236471
604,2.25,Celcius,molar,"InChI=1S/C3H8O/c1-3(2)4/h3-4H,1-2H3",0.637,"InChI=1S/C4H8O/c1-3-4(2)5/h3H2,1-2H3",0.363,,0.0,,0.0,2.25,6.9145794
605,4.350000000000023,Celcius,molar,"InChI=1S/C3H8O/c1-3(2)4/h3-4H,1-2H3",0.732,"InChI=1S/C4H8O/c1-3-4(2)5/h3H2,1-2H3",0.268,,0.0,,0.0,4.350000000000023,9.501495
606,7.350000000000023,Celcius,molar,"InChI=1S/C3H8O/c1-3(2)4/h3-4H,1-2H3",0.824,"InChI=1S/C4H8O/c1-3-4(2)5/h3H2,1-2H3",0.176,,0.0,,0.0,7.350000000000023,12.079462
607,10.350000000000025,Celcius,molar,"InChI=1S/C3H8O/c1-3(2)4/h3-4H,1-2H3",0.913,"InChI=1S/C4H8O/c1-3-4(2)5/h3H2,1-2H3",0.087,,0.0,,0.0,10.350000000000025,14.507347
621,11.150000000000034,Celcius,molar,"InChI=1S/CH4O/c1-2/h2H,1H3",0.944,"InChI=1S/C3H8O/c1-3(2)4/h3-4H,1-2H3",0.056,,0.0,,0.0,11.150000000000034,9.999893
622,12.150000000000034,Celcius,molar,"InChI=1S/CH4O/c1-2/h2H,1H3",0.883,"InChI=1S/C3H8O/c1-3(2)4/h3-4H,1-2H3",0.117,,0.0,,0.0,12.150000000000034,10.801039
623,12.150000000000034,Celcius,molar,"InChI=1S/CH4O/c1-2/h2H,1H3",0.815,"InChI=1S/C3H8O/c1-3(2)4/h3-4H,1-2H3",0.185,,0.0,,0.0,12.150000000000034,11.499689
624,12.050000000000011,Celcius,molar,"InChI=1S/CH4O/c1-2/h2H,1H3",0.739,"InChI=1S/C3H8O/c1-3(2)4/h3-4H,1-2H3",0.261,,0.0,,0.0,12.050000000000011,12.181856
625,10.350000000000003,Celcius,molar,"InChI=1S/CH4O/c1-2/h2H,1H3",0.654,"InChI=1S/C3H8O/c1-3(2)4/h3-4H,1-2H3",0.346,,0.0,,0.0,10.350000000000003,12.943455
626,14.150000000000034,Celcius,molar,"InChI=1S/CH4O/c1-2/h2H,1H3",0.558,"InChI=1S/C3H8O/c1-3(2)4/h3-4H,1-2H3",0.442,,0.0,,0.0,14.150000000000034,13.835592
627,14.150000000000034,Celcius,molar,"InChI=1S/C3H8O/c1-3(2)4/h3-4H,1-2H3",0.552,"InChI=1S/CH4O/c1-2/h2H,1H3",0.448,,0.0,,0.0,14.150000000000034,14.517239
628,15.050000000000011,Celcius,molar,"InChI=1S/C3H8O/c1-3(2)4/h3-4H,1-2H3",0.679,"InChI=1S/CH4O/c1-2/h2H,1H3",0.321,,0.0,,0.0,15.050000000000011,15.246965
629,15.050000000000011,Celcius,molar,"InChI=1S/C3H8O/c1-3(2)4/h3-4H,1-2H3",0.826,"InChI=1S/CH4O/c1-2/h2H,1H3",0.174,,0.0,,0.0,15.050000000000011,16.017311
630,22.7,Celcius,molar,"InChI=1S/C4H10O/c1-3-4(2)5/h4-5H,3H2,1-2H3",0.9,"InChI=1S/C4H10O/c1-2-3-4-5/h5H,2-4H2,1H3",0.1,,0.0,,0.0,22.7,20.032925
631,24.0,Celcius,molar,"InChI=1S/C4H10O/c1-3-4(2)5/h4-5H,3H2,1-2H3",0.8,"InChI=1S/C4H10O/c1-2-3-4-5/h5H,2-4H2,1H3",0.2,,0.0,,0.0,24.0,20.678741
632,25.5,Celcius,molar,"InChI=1S/C4H10O/c1-3-4(2)5/h4-5H,3H2,1-2H3",0.7,"InChI=1S/C4H10O/c1-2-3-4-5/h5H,2-4H2,1H3",0.3,,0.0,,0.0,25.5,21.356525
633,26.3,Celcius,molar,"InChI=1S/C4H10O/c1-3-4(2)5/h4-5H,3H2,1-2H3",0.6,"InChI=1S/C4H10O/c1-2-3-4-5/h5H,2-4H2,1H3",0.4,,0.0,,0.0,26.3,22.180016
634,28.0,Celcius,molar,"InChI=1S/C4H10O/c1-2-3-4-5/h5H,2-4H2,1H3",0.5,"InChI=1S/C4H10O/c1-3-4(2)5/h4-5H,3H2,1-2H3",0.5,,0.0,,0.0,28.0,23.427849
635,29.3,Celcius,molar,"InChI=1S/C4H10O/c1-2-3-4-5/h5H,2-4H2,1H3",0.6,"InChI=1S/C4H10O/c1-3-4(2)5/h4-5H,3H2,1-2H3",0.4,,0.0,,0.0,29.3,25.208643
636,30.9,Celcius,molar,"InChI=1S/C4H10O/c1-2-3-4-5/h5H,2-4H2,1H3",0.7,"InChI=1S/C4H10O/c1-3-4(2)5/h4-5H,3H2,1-2H3",0.3,,0.0,,0.0,30.9,27.02744
637,32.3,Celcius,molar,"InChI=1S/C4H10O/c1-2-3-4-5/h5H,2-4H2,1H3",0.8,"InChI=1S/C4H10O/c1-3-4(2)5/h4-5H,3H2,1-2H3",0.2,,0.0,,0.0,32.3,28.69104
638,33.6,Celcius,molar,"InChI=1S/C4H10O/c1-2-3-4-5/h5H,2-4H2,1H3",0.9,"InChI=1S/C4H10O/c1-3-4(2)5/h4-5H,3H2,1-2H3",0.1,,0.0,,0.0,33.6,30.391268
639,-0.9499999999999886,Celcius,molar,"InChI=1S/C4H8O/c1-3-4(2)5/h3H2,1-2H3",0.902,"InChI=1S/C4H10O/c1-2-3-4-5/h5H,2-4H2,1H3",0.098,,0.0,,0.0,-0.9499999999999886,-3.2020264
640,0.1500000000000341,Celcius,molar,"InChI=1S/C4H8O/c1-3-4(2)5/h3H2,1-2H3",0.803,"InChI=1S/C4H10O/c1-2-3-4-5/h5H,2-4H2,1H3",0.197,,0.0,,0.0,0.1500000000000341,-1.7916527
641,1.150000000000034,Celcius,molar,"InChI=1S/C4H8O/c1-3-4(2)5/h3H2,1-2H3",0.704,"InChI=1S/C4H10O/c1-2-3-4-5/h5H,2-4H2,1H3",0.296,,0.0,,0.0,1.150000000000034,-0.29156494
642,-0.8499999999999659,Celcius,molar,"InChI=1S/C4H8O/c1-3-4(2)5/h3H2,1-2H3",0.605,"InChI=1S/C4H10O/c1-2-3-4-5/h5H,2-4H2,1H3",0.395,,0.0,,0.0,-0.8499999999999659,1.438633
643,0.1500000000000341,Celcius,molar,"InChI=1S/C4H8O/c1-3-4(2)5/h3H2,1-2H3",0.505,"InChI=1S/C4H10O/c1-2-3-4-5/h5H,2-4H2,1H3",0.495,,0.0,,0.0,0.1500000000000341,3.8112354
644,2.050000000000012,Celcius,molar,"InChI=1S/C4H10O/c1-2-3-4-5/h5H,2-4H2,1H3",0.595,"InChI=1S/C4H8O/c1-3-4(2)5/h3H2,1-2H3",0.405,,0.0,,0.0,2.050000000000012,7.0603485
645,3.050000000000012,Celcius,molar,"InChI=1S/C4H10O/c1-2-3-4-5/h5H,2-4H2,1H3",0.696,"InChI=1S/C4H8O/c1-3-4(2)5/h3H2,1-2H3",0.304,,0.0,,0.0,3.050000000000012,10.789635
646,8.050000000000011,Celcius,molar,"InChI=1S/C4H10O/c1-2-3-4-5/h5H,2-4H2,1H3",0.797,"InChI=1S/C4H8O/c1-3-4(2)5/h3H2,1-2H3",0.203,,0.0,,0.0,8.050000000000011,16.267096
647,20.05000000000001,Celcius,molar,"InChI=1S/C4H10O/c1-2-3-4-5/h5H,2-4H2,1H3",0.898,"InChI=1S/C4H8O/c1-3-4(2)5/h3H2,1-2H3",0.102,,0.0,,0.0,20.05000000000001,23.401852
650,35.85,Celcius,molar,"InChI=1S/C7H14O2/c1-3-5-7(8)9-6-4-2/h3-6H2,1-2H3",0.9,"InChI=1S/C4H10O/c1-2-3-4-5/h5H,2-4H2,1H3",0.1,,0.0,,0.0,35.85,36.847755
651,35.05,Celcius,molar,"InChI=1S/C7H14O2/c1-3-5-7(8)9-6-4-2/h3-6H2,1-2H3",0.8,"InChI=1S/C4H10O/c1-2-3-4-5/h5H,2-4H2,1H3",0.2,,0.0,,0.0,35.05,36.325752
652,34.0,Celcius,molar,"InChI=1S/C7H14O2/c1-3-5-7(8)9-6-4-2/h3-6H2,1-2H3",0.7,"InChI=1S/C4H10O/c1-2-3-4-5/h5H,2-4H2,1H3",0.3,,0.0,,0.0,34.0,35.83354
653,33.55,Celcius,molar,"InChI=1S/C7H14O2/c1-3-5-7(8)9-6-4-2/h3-6H2,1-2H3",0.6,"InChI=1S/C4H10O/c1-2-3-4-5/h5H,2-4H2,1H3",0.4,,0.0,,0.0,33.55,35.474754
654,33.4,Celcius,molar,"InChI=1S/C4H10O/c1-2-3-4-5/h5H,2-4H2,1H3",0.5,"InChI=1S/C7H14O2/c1-3-5-7(8)9-6-4-2/h3-6H2,1-2H3",0.5,,0.0,,0.0,33.4,35.124626
655,33.1,Celcius,molar,"InChI=1S/C4H10O/c1-2-3-4-5/h5H,2-4H2,1H3",0.6,"InChI=1S/C7H14O2/c1-3-5-7(8)9-6-4-2/h3-6H2,1-2H3",0.4,,0.0,,0.0,33.1,35.10481
656,33.4,Celcius,molar,"InChI=1S/C4H10O/c1-2-3-4-5/h5H,2-4H2,1H3",0.7,"InChI=1S/C7H14O2/c1-3-5-7(8)9-6-4-2/h3-6H2,1-2H3",0.3,,0.0,,0.0,33.4,34.902634
657,33.7,Celcius,molar,"InChI=1S/C4H10O/c1-2-3-4-5/h5H,2-4H2,1H3",0.8,"InChI=1S/C7H14O2/c1-3-5-7(8)9-6-4-2/h3-6H2,1-2H3",0.2,,0.0,,0.0,33.7,34.22108
658,34.55,Celcius,molar,"InChI=1S/C4H10O/c1-2-3-4-5/h5H,2-4H2,1H3",0.9,"InChI=1S/C7H14O2/c1-3-5-7(8)9-6-4-2/h3-6H2,1-2H3",0.1,,0.0,,0.0,34.55,33.220356
672,21.4,Celcius,molar,"InChI=1S/C8H10/c1-2-8-6-4-3-5-7-8/h3-7H,2H2,1H3",0.9,"InChI=1S/C4H10O/c1-2-3-4-5/h5H,2-4H2,1H3",0.1,,0.0,,0.0,21.4,17.790586
673,21.2,Celcius,molar,"InChI=1S/C8H10/c1-2-8-6-4-3-5-7-8/h3-7H,2H2,1H3",0.8,"InChI=1S/C4H10O/c1-2-3-4-5/h5H,2-4H2,1H3",0.2,,0.0,,0.0,21.2,16.808361
674,21.55,Celcius,molar,"InChI=1S/C8H10/c1-2-8-6-4-3-5-7-8/h3-7H,2H2,1H3",0.7,"InChI=1S/C4H10O/c1-2-3-4-5/h5H,2-4H2,1H3",0.3,,0.0,,0.0,21.55,16.124434
675,22.2,Celcius,molar,"InChI=1S/C8H10/c1-2-8-6-4-3-5-7-8/h3-7H,2H2,1H3",0.6,"InChI=1S/C4H10O/c1-2-3-4-5/h5H,2-4H2,1H3",0.4,,0.0,,0.0,22.2,16.090221
676,22.8,Celcius,molar,"InChI=1S/C4H10O/c1-2-3-4-5/h5H,2-4H2,1H3",0.5,"InChI=1S/C8H10/c1-2-8-6-4-3-5-7-8/h3-7H,2H2,1H3",0.5,,0.0,,0.0,22.8,16.394367
677,23.1,Celcius,molar,"InChI=1S/C4H10O/c1-2-3-4-5/h5H,2-4H2,1H3",0.6,"InChI=1S/C8H10/c1-2-8-6-4-3-5-7-8/h3-7H,2H2,1H3",0.4,,0.0,,0.0,23.1,17.192276
678,23.6,Celcius,molar,"InChI=1S/C4H10O/c1-2-3-4-5/h5H,2-4H2,1H3",0.7,"InChI=1S/C8H10/c1-2-8-6-4-3-5-7-8/h3-7H,2H2,1H3",0.3,,0.0,,0.0,23.6,19.592468
679,26.15,Celcius,molar,"InChI=1S/C4H10O/c1-2-3-4-5/h5H,2-4H2,1H3",0.8,"InChI=1S/C8H10/c1-2-8-6-4-3-5-7-8/h3-7H,2H2,1H3",0.2,,0.0,,0.0,26.15,22.781616
680,29.25,Celcius,molar,"InChI=1S/C4H10O/c1-2-3-4-5/h5H,2-4H2,1H3",0.9,"InChI=1S/C8H10/c1-2-8-6-4-3-5-7-8/h3-7H,2H2,1H3",0.1,,0.0,,0.0,29.25,27.20174
