value,unit,component_inchi_0
9.0,-,"InChI=1S/C10H12/c1-2-6-10-8-4-3-7-9(10)5-1/h1-2,5-6H,3-4,7-8H2"
12.5,-,"InChI=1S/C10H14/c1-2-3-7-10-8-5-4-6-9-10/h4-6,8-9H,2-3,7H2,1H3"
7.5,-,"InChI=1S/C10H14O/c1-3-4-9-5-7-10(11-2)8-6-9/h5-8H,3-4H2,1-2H3"
18.0,-,"InChI=1S/C10H14O2/c1-3-4-8-5-6-9(11)10(7-8)12-2/h5-7,11H,3-4H2,1-2H3"
28.0,-,"InChI=1S/C10H16/c1-5-10(4)8-6-7-9(2)3/h5,7-8H,1,6H2,2-4H3/b10-8+"
21.0,-,"InChI=1S/C10H16/c1-7-4-5-8-6-9(7)10(8,2)3/h4,8-9H,5-6H2,1-3H3"
20.8,-,"InChI=1S/C10H16/c1-7-4-5-8-6-9(7)10(8,2)3/h8-9H,1,4-6H2,2-3H3"
27.0,-,"InChI=1S/C10H16/c1-7-4-5-8-9(6-7)10(8,2)3/h4,8-9H,5-6H2,1-3H3"
18.9,-,"InChI=1S/C10H16/c1-8(2)10-6-4-9(3)5-7-10/h4,10H,1,5-7H2,2-3H3"
20.3,-,"InChI=1S/C10H16/c1-8(2)10-6-4-9(3)5-7-10/h4,7-8H,5-6H2,1-3H3"
36.0,-,"InChI=1S/C10H18/c1-2-6-10-8-4-3-7-9(10)5-1/h9-10H,1-8H2"
41.0,-,"InChI=1S/C10H18/c1-3-5-7-9-10-8-6-4-2/h3-4H,1-2,5-10H2"
12.9,-,"InChI=1S/C10H18O/c1-5-10(4,11)8-6-7-9(2)3/h5,7,11H,1,6,8H2,2-4H3"
20.6,-,"InChI=1S/C10H18O/c1-7(2)9-5-4-8(3)6-10(9)11/h7-9H,4-6H2,1-3H3/t8-,9+/m1/s1"
30.0,-,"InChI=1S/C10H18O/c1-8(2)6-10-7-9(3)4-5-11-10/h6,9-10H,4-5,7H2,1-3H3"
17.0,-,"InChI=1S/C10H18O/c1-9(2)5-4-6-10(3)7-8-11/h5,7,11H,4,6,8H2,1-3H3/b10-7+"
18.8,-,"InChI=1S/C10H18O/c1-9(2)8-4-6-10(3,11-9)7-5-8/h8H,4-7H2,1-3H3"
48.6,-,"InChI=1S/C10H18O2/c1-2-3-4-6-9-7-5-8-10(11)12-9/h9H,2-8H2,1H3"
40.5,-,"InChI=1S/C10H18O2/c1-2-3-6-9-7-4-5-8-10(11)12-9/h9H,2-8H2,1H3"
47.6,-,"InChI=1S/C10H20/c1-2-3-7-10-8-5-4-6-9-10/h10H,2-9H2,1H3"
49.1,-,"InChI=1S/C10H20/c1-3-5-7-9-10-8-6-4-2/h3H,1,4-10H2,2H3"
25.6,-,"InChI=1S/C10H20O/c1-9(2)5-4-6-10(3)7-8-11/h5,10-11H,4,6-8H2,1-3H3"
42.2,-,"InChI=1S/C10H20O2/c1-3-5-6-7-8-9-10(11)12-4-2/h3-9H2,1-2H3"
29.0,-,"InChI=1S/C10H20O2/c1-3-5-6-7-9-12-10(11)8-4-2/h3-9H2,1-2H3"
31.0,-,"InChI=1S/C10H20O2/c1-3-5-7-8-10(11)12-9-6-4-2/h3-9H2,1-2H3"
28.8,-,"InChI=1S/C10H20O2/c1-3-5-7-9-12-10(11)8-6-4-2/h3-9H2,1-2H3"
66.0,-,"InChI=1S/C10H22/c1-3-5-7-9-10-8-6-4-2/h3-10H2,1-2H3"
51.7,-,"InChI=1S/C10H22/c1-5-10(4)8-6-7-9(2)3/h9-10H,5-8H2,1-4H3"
111.0,-,"InChI=1S/C10H22O/c1-3-5-7-9-11-10-8-6-4-2/h3-10H2,1-2H3"
29.3,-,"InChI=1S/C10H22O/c1-9(2)5-4-6-10(3)7-8-11/h9-11H,4-8H2,1-3H3"
96.1,-,"InChI=1S/C10H22O/c1-9(2)5-7-11-8-6-10(3)4/h9-10H,5-8H2,1-4H3"
20.4,-,"InChI=1S/C11H14/c1-5-9-11(7-3,8-4)10-6-2/h3,5-6,8H,1-2,4,9-10H2"
52.6,-,"InChI=1S/C11H20O2/c1-2-3-4-5-6-7-10-8-9-11(12)13-10/h10H,2-9H2,1H3"
38.3,-,"InChI=1S/C11H20O2/c1-3-4-5-6-7-8-9-10-11(12)13-2/h3H,1,4-10H2,2H3"
49.0,-,"InChI=1S/C11H22O/c1-3-5-7-9-11(12)10-8-6-4-2/h3-10H2,1-2H3"
52.5,-,"InChI=1S/C11H22O2/c1-3-4-5-6-7-8-9-10-11(12)13-2/h3-10H2,1-2H3"
81.3,-,"InChI=1S/C11H24O4/c1-5-13-7-10(3)15-8-11(4)14-6-9(2)12/h9-12H,5-8H2,1-4H3"
7.6,-,"InChI=1S/C12H18/c1-4-10-7-11(5-2)9-12(6-3)8-10/h7-9H,4-6H2,1-3H3"
61.1,-,"InChI=1S/C12H20O2/c1-3-13-9-11-5-7-12(8-6-11)10-14-4-2/h3-4,11-12H,1-2,5-10H2"
19.5,-,"InChI=1S/C12H22O2/c1-8(2)11-6-5-9(3)7-12(11)14-10(4)13/h8-9,11-12H,5-7H2,1-4H3"
56.8,-,"InChI=1S/C12H24/c1-3-5-7-9-11-12-10-8-6-4-2/h3H,1,4-12H2,2H3"
54.6,-,"InChI=1S/C12H24O2/c1-3-5-6-7-8-9-10-11-12(13)14-4-2/h3-11H2,1-2H3"
40.0,-,"InChI=1S/C12H24O2/c1-3-5-7-9-11-14-12(13)10-8-6-4-2/h3-11H2,1-2H3"
73.5,-,"InChI=1S/C12H26/c1-3-5-7-9-11-12-10-8-6-4-2/h3-12H2,1-2H3"
66.5,-,"InChI=1S/C13H26O2/c1-3-4-5-6-7-8-9-10-11-12-13(14)15-2/h3-12H2,1-2H3"
8.1,-,"InChI=1S/C14H14O/c1-3-7-13(8-4-1)11-15-12-14-9-5-2-6-10-14/h1-10H,11-12H2"
77.0,-,"InChI=1S/C14H26O2/c1-3-5-6-7-8-9-10-11-12-13-14(15)16-4-2/h4H,2-3,5-13H2,1H3"
85.1,-,"InChI=1S/C14H30/c1-3-5-7-9-11-13-14-12-10-8-6-4-2/h3-14H2,1-2H3"
2.8,-,"InChI=1S/C15H24/c1-10(2)13-7-14(11(3)4)9-15(8-13)12(5)6/h7-12H,1-6H3"
29.0,-,"InChI=1S/C15H24/c1-11-6-5-7-12(2)13-10-15(3,4)14(13)9-8-11/h6,13-14H,2,5,7-10H2,1,3-4H3/b11-6+/t13-,14-/m1/s1"
32.2,-,"InChI=1S/C15H24/c1-12(2)6-5-7-14(4)15-10-8-13(3)9-11-15/h6,8H,5,7,9-11H2,1-4H3/b15-14+"
32.0,-,"InChI=1S/C15H24/c1-6-14(4)10-8-12-15(5)11-7-9-13(2)3/h6,9-10,12H,1,7-8,11H2,2-5H3/b14-10+,15-12+"
24.0,-,"InChI=1S/C15H26O/c1-13(2)7-5-8-14(3)9-6-10-15(4)11-12-16/h7,9,11,16H,5-6,8,10,12H2,1-4H3/b14-9+,15-11+"
19.2,-,"InChI=1S/C15H26O/c1-6-15(5,16)12-8-11-14(4)10-7-9-13(2)3/h6,9,11,16H,1,7-8,10,12H2,2-5H3/b14-11+/t15-/m0/s1"
25.3,-,"InChI=1S/C15H30/c1-10(2)13-7-14(11(3)4)9-15(8-13)12(5)6/h10-15H,7-9H2,1-6H3"
75.8,-,"InChI=1S/C15H30O2/c1-3-4-5-6-7-8-9-10-11-12-13-14-15(16)17-2/h3-14H2,1-2H3"
58.5,-,"InChI=1S/C15H32/c1-6-14(4)10-8-12-15(5)11-7-9-13(2)3/h13-15H,6-12H2,1-5H3"
75.9,-,"InChI=1S/C16H32/c1-3-5-7-9-11-13-15-16-14-12-10-8-6-4-2/h3H,1,4-16H2,2H3"
14.5,-,"InChI=1S/C16H34/c1-13(10-14(2,3)4)11-16(8,9)12-15(5,6)7/h13H,10-12H2,1-9H3"
99.0,-,"InChI=1S/C16H34/c1-3-5-7-9-11-13-15-16-14-12-10-8-6-4-2/h3-16H2,1-2H3"
56.6,-,"InChI=1S/C17H32O2/c1-3-4-5-6-7-8-9-10-11-12-13-14-15-16-17(18)19-2/h8-9H,3-7,10-16H2,1-2H3/b9-8-"
85.9,-,"InChI=1S/C17H34O2/c1-3-4-5-6-7-8-9-10-11-12-13-14-15-16-17(18)19-2/h3-16H2,1-2H3"
91.0,-,"InChI=1S/C18H38/c1-4-5-6-7-8-9-10-11-12-13-14-15-16-17-18(2)3/h18H,4-17H2,1-3H3"
37.0,-,"InChI=1S/C19H32O2/c1-3-4-5-6-7-8-9-10-11-12-13-14-15-16-17-18-19(20)21-2/h4-5,7-8,10-11H,3,6,9,12-18H2,1-2H3/b5-4-,8-7-,11-10-"
43.0,-,"InChI=1S/C19H34O2/c1-3-4-5-6-7-8-9-10-11-12-13-14-15-16-17-18-19(20)21-2/h7-8,10-11H,3-6,9,12-18H2,1-2H3/b8-7+,11-10+"
42.0,-,"InChI=1S/C19H34O2/c1-3-4-5-6-7-8-9-10-11-12-13-14-15-16-17-18-19(20)21-2/h7-8,10-11H,3-6,9,12-18H2,1-2H3/b8-7-,11-10-"
57.2,-,"InChI=1S/C19H36O2/c1-3-4-5-6-7-8-9-10-11-12-13-14-15-16-17-18-19(20)21-2/h10-11H,3-9,12-18H2,1-2H3/b11-10+"
58.0,-,"InChI=1S/C19H36O2/c1-3-4-5-6-7-8-9-10-11-12-13-14-15-16-17-18-19(20)21-2/h10-11H,3-9,12-18H2,1-2H3/b11-10-"
58.6,-,"InChI=1S/C19H36O2/c1-3-4-5-6-7-8-9-10-11-12-13-14-15-16-17-18-19(20)21-2/h13-14H,3-12,15-18H2,1-2H3/b14-13-"
53.9,-,"InChI=1S/C19H36O2/c1-3-4-5-6-7-8-9-10-11-12-13-14-15-16-17-18-19(20)21-2/h8-9H,3-7,10-18H2,1-2H3"
37.4,-,"InChI=1S/C19H36O3/c1-3-4-5-12-15-18(20)16-13-10-8-6-7-9-11-14-17-19(21)22-2/h10,13,18,20H,3-9,11-12,14-17H2,1-2H3/b13-10-/t18-/m1/s1"
95.6,-,"InChI=1S/C19H38O2/c1-3-4-5-6-7-8-9-10-11-12-13-14-15-16-17-18-19(20)21-2/h3-18H2,1-2H3"
104.4,-,"InChI=1S/C19H40/c1-4-5-6-7-8-9-10-11-12-13-14-15-16-17-18-19(2)3/h19H,4-18H2,1-3H3"
73.2,-,"InChI=1S/C21H40O2/c1-3-4-5-6-7-8-9-10-11-12-13-14-15-16-17-18-19-20-21(22)23-2/h10-11H,3-9,12-20H2,1-2H3"
74.2,-,"InChI=1S/C23H44O2/c1-3-4-5-6-7-8-9-10-11-12-13-14-15-16-17-18-19-20-21-22-23(24)25-2/h10-11H,3-9,12-22H2,1-2H3/b11-10-"
57.5,-,InChI=1S/C2H6O/c1-3-2/h1-2H3
19.5,-,InChI=1S/C3H6O2/c1-3(4)5-2/h1-2H3
15.5,-,"InChI=1S/C3H8O2/c1-5-3-2-4/h4H,2-3H2,1H3"
20.6,-,"InChI=1S/C4H10/c1-3-4-2/h3-4H2,1-2H3"
12.0,-,"InChI=1S/C4H10O/c1-2-3-4-5/h5H,2-4H2,1H3"
8.5,-,"InChI=1S/C4H10O/c1-3-4(2)5/h4-5H,3H2,1-2H3"
8.5,-,"InChI=1S/C4H10O/c1-4(2)3-5/h4-5H,3H2,1-2H3"
16.3,-,"InChI=1S/C4H10O2/c1-4(5)3-6-2/h4-5H,3H2,1-2H3"
7.0,-,InChI=1S/C4H4O/c1-2-4-5-3-1/h1-4H
20.0,-,"InChI=1S/C4H6O/c1-2-4-5-3-1/h1,3H,2,4H2"
15.6,-,"InChI=1S/C4H6O/c1-2-4-5-3-1/h1-2H,3-4H2"
41.1,-,"InChI=1S/C4H8O/c1-2-3-4-5/h4H,2-3H2,1H3"
21.9,-,InChI=1S/C4H8O/c1-2-4-5-3-1/h1-4H2
21.1,-,"InChI=1S/C4H8O/c1-4(2)3-5/h3-4H,1-2H3"
6.1,-,InChI=1S/C5H10/c1-2-4-5-3-1/h1-5H2
63.5,-,"InChI=1S/C5H10O/c1-2-3-4-5-6/h5H,2-4H2,1H3"
38.2,-,InChI=1S/C5H10O/c1-2-4-6-5-3-1/h1-5H2
19.5,-,"InChI=1S/C5H10O/c1-3-5(6)4-2/h3-4H2,1-2H3"
21.3,-,"InChI=1S/C5H10O/c1-5-3-2-4-6-5/h5H,2-4H2,1H3"
9.8,-,"InChI=1S/C5H10O/c6-5-3-1-2-4-5/h5-6H,1-4H2"
6.4,-,"InChI=1S/C5H10O2/c1-3-4-5(6)7-2/h3-4H2,1-2H3"
17.9,-,"InChI=1S/C5H10O2/c6-4-5-2-1-3-7-5/h5-6H,1-4H2"
25.0,-,"InChI=1S/C5H12/c1-4-5(2)3/h5H,4H2,1-3H3"
13.1,-,"InChI=1S/C5H12O/c1-2-3-4-5-6/h6H,2-5H2,1H3"
12.1,-,"InChI=1S/C5H12O/c1-4-5(2,3)6/h6H,4H2,1-3H3"
16.0,-,"InChI=1S/C5H12O/c1-5(2)3-4-6/h5-6H,3-4H2,1-2H3"
57.3,-,"InChI=1S/C5H12O2/c1-3-6-5-7-4-2/h3-5H2,1-2H3"
27.8,-,"InChI=1S/C5H12O2/c1-5(2)7-4-3-6/h5-6H,3-4H2,1-2H3"
31.3,-,"InChI=1S/C5H12O2/c1-5(2,6-3)7-4/h1-4H3"
38.3,-,"InChI=1S/C5H12O3/c1-7-4-5-8-3-2-6/h6H,2-5H2,1H3"
13.9,-,InChI=1S/C5H4O2/c6-4-5-2-1-3-7-5/h1-4H
9.0,-,"InChI=1S/C5H6O/c1-5-3-2-4-6-5/h2-4H,1H3"
10.0,-,"InChI=1S/C5H6O2/c6-4-5-2-1-3-7-5/h1-3,6H,4H2"
13.0,-,"InChI=1S/C5H8/c1-4-5(2)3/h4H,1-2H2,3H3"
23.9,-,"InChI=1S/C5H8O/c1-2-4-6-5-3-1/h2,4H,1,3,5H2"
9.0,-,InChI=1S/C5H8O/c6-5-3-1-2-4-5/h1-4H2
18.1,-,"InChI=1S/C6H10/c1-2-4-6-5-3-1/h1-2H,3-6H2"
10.4,-,InChI=1S/C6H10O/c7-6-4-2-1-3-5-6/h1-5H2
13.7,-,"InChI=1S/C6H10O3/c1-3-9-6(8)4-5(2)7/h3-4H2,1-2H3"
7.8,-,"InChI=1S/C6H10O3/c1-5(7)3-4-6(8)9-2/h3-4H2,1-2H3"
20.0,-,InChI=1S/C6H12/c1-2-4-6-5-3-1/h1-6H2
27.4,-,"InChI=1S/C6H12/c1-3-5-6-4-2/h3H,1,4-6H2,2H3"
17.2,-,"InChI=1S/C6H12/c1-6-4-2-3-5-6/h6H,2-5H2,1H3"
75.2,-,"InChI=1S/C6H12O/c1-2-3-4-5-6-7/h6H,2-5H2,1H3"
28.1,-,"InChI=1S/C6H12O/c1-2-6-4-3-5-7-6/h6H,2-5H2,1H3"
12.6,-,"InChI=1S/C6H12O/c1-5(2)4-6(3)7/h5H,4H2,1-3H3"
47.3,-,"InChI=1S/C6H12O/c1-7-6-4-2-3-5-6/h6H,2-5H2,1H3"
16.3,-,"InChI=1S/C6H12O/c7-6-4-2-1-3-5-6/h6-7H,1-5H2"
13.3,-,"InChI=1S/C6H12O2/c1-3-4-5-6(7)8-2/h3-5H2,1-2H3"
11.5,-,"InChI=1S/C6H12O2/c1-5(7)4-6(2,3)8/h8H,4H2,1-3H3"
24.0,-,"InChI=1S/C6H12O3/c1-5(4-8-3)9-6(2)7/h5H,4H2,1-3H3"
48.0,-,"InChI=1S/C6H14/c1-3-5-6-4-2/h3-6H2,1-2H3"
34.5,-,"InChI=1S/C6H14/c1-4-5-6(2)3/h6H,4-5H2,1-3H3"
30.7,-,"InChI=1S/C6H14/c1-4-6(3)5-2/h6H,4-5H2,1-3H3"
24.4,-,"InChI=1S/C6H14/c1-5-6(2,3)4/h5H2,1-4H3"
23.6,-,"InChI=1S/C6H14O/c1-5(2)7-6(3)4/h5-6H,1-4H3"
47.0,-,"InChI=1S/C6H14O2/c1-4-7-6(3)8-5-2/h6H,4-5H2,1-3H3"
10.0,-,"InChI=1S/C6H14O2/c1-6(2,8-3)4-5-7/h7H,4-5H2,1-3H3"
14.3,-,InChI=1S/C6H6/c1-2-4-6-5-3-1/h1-6H
10.2,-,"InChI=1S/C6H8O/c1-2-6-4-3-5-7-6/h3-5H,2H2,1H3"
10.9,-,"InChI=1S/C6H8O/c1-5-3-4-6(2)7-5/h3-4H,1-2H3"
28.1,-,"InChI=1S/C7H10O/c8-6-7-4-2-1-3-5-7/h1-2,6-7H,3-5H2"
18.4,-,"InChI=1S/C7H10O2/c1-2-8-6-7-4-3-5-9-7/h3-5H,2,6H2,1H3"
6.0,-,"InChI=1S/C7H10O2/c1-3-4-5-6-7(8)9-2/h3-6H,1-2H3/b4-3+,6-5+"
22.0,-,"InChI=1S/C7H12/c1-3-5-7-6-4-2/h1H,4-7H2,2H3"
22.5,-,InChI=1S/C7H12O/c8-7-5-3-1-2-4-6-7/h1-6H2
6.0,-,"InChI=1S/C7H12O3/c1-3-10-7(9)5-4-6(2)8/h3-5H2,1-2H3"
18.2,-,"InChI=1S/C7H12O3/c1-6(8)10-5-7-3-2-4-9-7/h7H,2-5H2,1H3"
32.0,-,"InChI=1S/C7H14/c1-3-5-7-6-4-2/h3H,1,4-7H2,2H3"
23.3,-,"InChI=1S/C7H14/c1-7-5-3-2-4-6-7/h7H,2-6H2,1H3"
30.0,-,"InChI=1S/C7H14O/c1-3-4-5-6-7(2)8/h3-6H2,1-2H3"
15.0,-,"InChI=1S/C7H14O/c1-5(2)7(8)6(3)4/h5-6H,1-4H3"
78.9,-,"InChI=1S/C7H14O2/c1-2-8-6-7-4-3-5-9-7/h7H,2-6H2,1H3"
25.3,-,"InChI=1S/C7H14O2/c1-3-4-5-6-7(8)9-2/h3-6H2,1-2H3"
23.6,-,"InChI=1S/C7H14O2/c1-3-4-5-6-9-7(2)8/h3-6H2,1-2H3"
18.6,-,"InChI=1S/C7H14O2/c1-3-5-6-7(8)9-4-2/h3-6H2,1-2H3"
53.0,-,"InChI=1S/C7H16/c1-3-5-7-6-4-2/h3-7H2,1-2H3"
43.5,-,"InChI=1S/C7H16/c1-4-5-6-7(2)3/h7H,4-6H2,1-3H3"
42.0,-,"InChI=1S/C7H16/c1-4-6-7(3)5-2/h7H,4-6H2,1-3H3"
34.1,-,"InChI=1S/C7H16/c1-4-7(5-2)6-3/h7H,4-6H2,1-3H3"
21.8,-,"InChI=1S/C7H16/c1-5-7(4)6(2)3/h6-7H,5H2,1-4H3"
28.5,-,"InChI=1S/C7H16/c1-6(2)5-7(3)4/h6-7H,5H2,1-4H3"
12.9,-,"InChI=1S/C7H16/c1-6(2)7(3,4)5/h6H,1-5H3"
29.0,-,"InChI=1S/C7H16O/c1-2-3-4-5-6-7-8/h8H,2-7H2,1H3"
25.0,-,"InChI=1S/C7H16O/c1-3-4-5-6-7(2)8/h7-8H,3-6H2,1-2H3"
99.8,-,"InChI=1S/C7H16O/c1-3-4-5-6-7-8-2/h3-7H2,1-2H3"
21.0,-,"InChI=1S/C7H16O/c1-3-5-7(8)6-4-2/h7-8H,3-6H2,1-2H3"
36.1,-,"InChI=1S/C7H16O2/c1-3-4-5-9-6-7(2)8/h7-8H,3-6H2,1-2H3"
43.9,-,"InChI=1S/C7H16O3/c1-6(8)4-10-7(2)5-9-3/h6-8H,4-5H2,1-3H3"
80.7,-,"InChI=1S/C7H16O4/c1-9-4-5-11-7-6-10-3-2-8/h8H,2-7H2,1H3"
6.0,-,"InChI=1S/C7H8/c1-7-5-3-2-4-6-7/h2-6H,1H3"
6.4,-,"InChI=1S/C7H8O/c1-8-7-5-3-2-4-6-7/h2-6H,1H3"
19.3,-,"InChI=1S/C7H8O2/c1-9-7-5-3-2-4-6(7)8/h2-5,8H,1H3"
6.2,-,"InChI=1S/C8H10/c1-7-3-5-8(2)6-4-7/h3-6H,1-2H3"
7.0,-,"InChI=1S/C8H10/c1-7-4-3-5-8(2)6-7/h3-6H,1-2H3"
8.3,-,"InChI=1S/C8H10/c1-7-5-3-4-6-8(7)2/h3-6H,1-2H3"
7.4,-,"InChI=1S/C8H10O/c1-7-3-5-8(9-2)6-4-7/h3-6H,1-2H3"
8.0,-,"InChI=1S/C8H10O/c9-7-6-8-4-2-1-3-5-8/h1-5,9H,6-7H2"
19.8,-,"InChI=1S/C8H10O2/c1-6-3-4-7(9)8(5-6)10-2/h3-5,9H,1-2H3"
9.8,-,"InChI=1S/C8H10O2/c1-9-7-5-3-4-6-8(7)10-2/h3-6H,1-2H3"
26.0,-,"InChI=1S/C8H10O3/c1-10-6-4-3-5-7(11-2)8(6)9/h3-5,9H,1-2H3"
25.7,-,"InChI=1S/C8H12/c1-2-4-6-8-7-5-3-1/h1-2,7-8H,3-6H2/b2-1-,8-7-"
13.1,-,"InChI=1S/C8H12O/c1-2-3-5-8-6-4-7-9-8/h4,6-7H,2-3,5H2,1H3"
19.9,-,"InChI=1S/C8H14/c1-7(2)5-6-8(3)4/h5-6H,1-4H3"
22.3,-,InChI=1S/C8H16/c1-2-4-6-8-7-5-3-1/h1-8H2
35.8,-,"InChI=1S/C8H16/c1-2-8-6-4-3-5-7-8/h8H,2-7H2,1H3"
40.0,-,"InChI=1S/C8H16/c1-3-5-7-8-6-4-2/h3H,1,4-8H2,2H3"
36.0,-,"InChI=1S/C8H16/c1-3-5-7-8-6-4-2/h5,7H,3-4,6,8H2,1-2H3/b7-5+"
8.8,-,"InChI=1S/C8H16/c1-7(2)6-8(3,4)5/h1,6H2,2-5H3"
30.5,-,"InChI=1S/C8H16/c1-7-4-3-5-8(2)6-7/h7-8H,3-6H2,1-2H3"
24.0,-,"InChI=1S/C8H16/c1-7-5-3-4-6-8(7)2/h7-8H,3-6H2,1-2H3"
104.0,-,"InChI=1S/C8H16O/c1-2-3-4-5-6-7-8-9/h8H,2-7H2,1H3"
45.5,-,"InChI=1S/C8H16O/c1-2-3-5-8-6-4-7-9-8/h8H,2-7H2,1H3"
36.6,-,"InChI=1S/C8H16O/c1-3-4-5-6-7-8(2)9/h3-7H2,1-2H3"
36.0,-,"InChI=1S/C8H16O/c1-3-5-6-7-8(9)4-2/h3-7H2,1-2H3"
33.0,-,"InChI=1S/C8H16O2/c1-3-4-5-6-7-10-8(2)9/h3-7H2,1-2H3"
34.2,-,"InChI=1S/C8H16O2/c1-3-4-5-6-7-8(9)10-2/h3-7H2,1-2H3"
28.0,-,"InChI=1S/C8H16O2/c1-3-5-6-7-8(9)10-4-2/h3-7H2,1-2H3"
20.7,-,"InChI=1S/C8H16O2/c1-3-5-6-8(9)10-7-4-2/h3-7H2,1-2H3"
17.8,-,"InChI=1S/C8H16O2/c1-3-5-7-10-8(9)6-4-2/h3-7H2,1-2H3"
58.2,-,"InChI=1S/C8H18/c1-3-5-7-8-6-4-2/h3-8H2,1-2H3"
50.0,-,"InChI=1S/C8H18/c1-4-5-6-7-8(2)3/h8H,4-7H2,1-3H3"
45.0,-,"InChI=1S/C8H18/c1-4-6-7-8(3)5-2/h8H,4-7H2,1-3H3"
17.5,-,"InChI=1S/C8H18/c1-7(2)6-8(3,4)5/h7H,6H2,1-5H3"
33.8,-,"InChI=1S/C8H18O/c1-2-3-4-5-6-7-8-9/h9H,2-8H2,1H3"
25.1,-,"InChI=1S/C8H18O/c1-3-5-6-7-8(9)4-2/h8-9H,3-7H2,1-2H3"
23.5,-,"InChI=1S/C8H18O/c1-3-5-6-8(4-2)7-9/h8-9H,3-7H2,1-2H3"
115.4,-,"InChI=1S/C8H18O/c1-3-5-7-9-8-6-4-2/h3-8H2,1-2H3"
59.7,-,"InChI=1S/C8H18O/c1-7(2)5-9-6-8(3)4/h7-8H,5-6H2,1-4H3"
6.3,-,"InChI=1S/C8H8/c1-2-8-6-4-3-5-7-8/h2-7H,1H2"
25.8,-,"InChI=1S/C8H8O2/c1-10-8-4-2-7(6-9)3-5-8/h2-6H,1H3"
8.6,-,"InChI=1S/C9H10/c1-2-5-9-7-3-6-8(9)4-1/h1-2,4-5H,3,6-7H2"
8.9,-,"InChI=1S/C9H12/c1-7-4-5-8(2)9(3)6-7/h4-6H,1-3H3"
8.0,-,"InChI=1S/C9H12/c1-7-4-8(2)6-9(3)5-7/h4-6H,1-3H3"
10.1,-,"InChI=1S/C9H12/c1-7-5-4-6-8(2)9(7)3/h4-6H,1-3H3"
8.6,-,"InChI=1S/C9H12O/c1-2-3-8-4-6-9(10)7-5-8/h4-7,10H,2-3H2,1H3"
10.4,-,"InChI=1S/C9H12O2/c1-10-9(11-2)8-6-4-3-5-7-8/h3-7,9H,1-2H3"
19.6,-,"InChI=1S/C9H12O2/c1-3-7-4-5-8(10)9(6-7)11-2/h4-6,10H,3H2,1-2H3"
25.0,-,"InChI=1S/C9H12O3/c1-6-4-7(11-2)9(10)8(5-6)12-3/h4-5,10H,1-3H3"
11.9,-,"InChI=1S/C9H16O/c1-7-4-8(10)6-9(2,3)5-7/h7H,4-6H2,1-3H3"
27.2,-,"InChI=1S/C9H16O2/c1-3-4-5-8-7(2)6-9(10)11-8/h7-8H,3-6H2,1-2H3"
14.4,-,"InChI=1S/C9H16O3/c1-3-4-7-12-9(11)6-5-8(2)10/h3-7H2,1-2H3"
51.0,-,"InChI=1S/C9H18/c1-3-5-7-9-8-6-4-2/h3H,1,4-9H2,2H3"
27.0,-,"InChI=1S/C9H18/c1-5-6-9(4)7-8(2)3/h7,9H,5-6H2,1-4H3"
24.4,-,"InChI=1S/C9H18/c1-7-4-5-8(2)9(3)6-7/h7-9H,4-6H2,1-3H3"
30.5,-,"InChI=1S/C9H18/c1-7-4-8(2)6-9(3)5-7/h7-9H,4-6H2,1-3H3"
46.1,-,"InChI=1S/C9H18O/c1-3-4-5-6-7-8-9(2)10/h3-8H2,1-2H3"
43.0,-,"InChI=1S/C9H18O/c1-3-5-6-8-9(10)7-4-2/h3-8H2,1-2H3"
39.8,-,"InChI=1S/C9H18O2/c1-3-4-5-6-7-8-9(10)11-2/h3-8H2,1-2H3"
23.5,-,"InChI=1S/C9H18O2/c1-3-5-7-9(10)11-8-6-4-2/h3-8H2,1-2H3"
60.9,-,"InChI=1S/C9H20/c1-3-5-7-9-8-6-4-2/h3-9H2,1-2H3"
39.6,-,"InChI=1S/C9H20O/c1-3-4-5-6-7-8-9(2)10/h9-10H,3-8H2,1-2H3"
28.0,-,"InChI=1S/C9H20O/c1-3-5-6-8-9(10)7-4-2/h9-10H,3-8H2,1-2H3"
19.1,-,InChI=1S/C9H8O/c10-8-4-7-9-5-2-1-3-6-9/h1-8H/b7-4+
