value,unit,fraction_type,component_inchi_0,component_inchi_1,component_inchi_2,component_inchi_3,fraction_0,fraction_1,fraction_2,fraction_3
70.0,-,molar,"InChI=1S/C10H12/c1-2-6-10-8-4-3-7-9(10)5-1/h1-2,5-6H,3-4,7-8H2","InChI=1S/C11H24/c1-3-5-7-9-11-10-8-6-4-2/h3-11H2,1-2H3","InChI=1S/C14H30/c1-3-5-7-9-11-13-14-12-10-8-6-4-2/h3-14H2,1-2H3","InChI=1S/C7H16/c1-3-5-7-6-4-2/h3-7H2,1-2H3",0.1,0.5,0.3,0.1
51.3,-,molar,"InChI=1S/C10H12/c1-2-6-10-8-4-3-7-9(10)5-1/h1-2,5-6H,3-4,7-8H2","InChI=1S/C11H24/c1-3-5-7-9-11-10-8-6-4-2/h3-11H2,1-2H3","InChI=1S/C14H30/c1-3-5-7-9-11-13-14-12-10-8-6-4-2/h3-14H2,1-2H3","InChI=1S/C7H16/c1-3-5-7-6-4-2/h3-7H2,1-2H3",0.2,0.1,0.1,0.6
61.43,-,molar,"InChI=1S/C10H12/c1-2-6-10-8-4-3-7-9(10)5-1/h1-2,5-6H,3-4,7-8H2","InChI=1S/C11H24/c1-3-5-7-9-11-10-8-6-4-2/h3-11H2,1-2H3","InChI=1S/C14H30/c1-3-5-7-9-11-13-14-12-10-8-6-4-2/h3-14H2,1-2H3","InChI=1S/C7H16/c1-3-5-7-6-4-2/h3-7H2,1-2H3",0.2,0.6,0.1,0.1
47.2,-,molar,"InChI=1S/C10H12/c1-2-6-10-8-4-3-7-9(10)5-1/h1-2,5-6H,3-4,7-8H2","InChI=1S/C11H24/c1-3-5-7-9-11-10-8-6-4-2/h3-11H2,1-2H3","InChI=1S/C14H30/c1-3-5-7-9-11-13-14-12-10-8-6-4-2/h3-14H2,1-2H3","InChI=1S/C7H16/c1-3-5-7-6-4-2/h3-7H2,1-2H3",0.4,0.1,0.2,0.3
43.5,-,molar,"InChI=1S/C10H12/c1-2-6-10-8-4-3-7-9(10)5-1/h1-2,5-6H,3-4,7-8H2","InChI=1S/C7H16/c1-3-5-7-6-4-2/h3-7H2,1-2H3",,,0.21,0.79,,
32.6,-,molar,"InChI=1S/C10H12/c1-2-6-10-8-4-3-7-9(10)5-1/h1-2,5-6H,3-4,7-8H2","InChI=1S/C7H16/c1-3-5-7-6-4-2/h3-7H2,1-2H3",,,0.42,0.58,,
28.4,-,molar,"InChI=1S/C10H12/c1-2-6-10-8-4-3-7-9(10)5-1/h1-2,5-6H,3-4,7-8H2","InChI=1S/C7H16/c1-3-5-7-6-4-2/h3-7H2,1-2H3",,,0.52,0.48,,
24.6,-,molar,"InChI=1S/C10H12/c1-2-6-10-8-4-3-7-9(10)5-1/h1-2,5-6H,3-4,7-8H2","InChI=1S/C7H16/c1-3-5-7-6-4-2/h3-7H2,1-2H3",,,0.62,0.38,,
20.2,-,molar,"InChI=1S/C10H12/c1-2-6-10-8-4-3-7-9(10)5-1/h1-2,5-6H,3-4,7-8H2","InChI=1S/C7H16/c1-3-5-7-6-4-2/h3-7H2,1-2H3",,,0.81,0.19,,
15.51,-,molar,"InChI=1S/C10H12/c1-2-6-10-8-4-3-7-9(10)5-1/h1-2,5-6H,3-4,7-8H2","InChI=1S/C8H18/c1-7(2)6-8(3,4)5/h7H,6H2,1-5H3",,,0.088,0.912,,
15.51,-,molar,"InChI=1S/C10H12/c1-2-6-10-8-4-3-7-9(10)5-1/h1-2,5-6H,3-4,7-8H2","InChI=1S/C8H18/c1-7(2)6-8(3,4)5/h7H,6H2,1-5H3",,,0.119,0.881,,
13.4,-,molar,"InChI=1S/C10H12/c1-2-6-10-8-4-3-7-9(10)5-1/h1-2,5-6H,3-4,7-8H2","InChI=1S/C8H18/c1-7(2)6-8(3,4)5/h7H,6H2,1-5H3",,,0.12,0.88,,
13.17,-,molar,"InChI=1S/C10H12/c1-2-6-10-8-4-3-7-9(10)5-1/h1-2,5-6H,3-4,7-8H2","InChI=1S/C8H18/c1-7(2)6-8(3,4)5/h7H,6H2,1-5H3",,,0.178,0.822,,
11.0,-,molar,"InChI=1S/C10H12/c1-2-6-10-8-4-3-7-9(10)5-1/h1-2,5-6H,3-4,7-8H2","InChI=1S/C8H18/c1-7(2)6-8(3,4)5/h7H,6H2,1-5H3",,,0.23,0.77,,
13.17,-,molar,"InChI=1S/C10H12/c1-2-6-10-8-4-3-7-9(10)5-1/h1-2,5-6H,3-4,7-8H2","InChI=1S/C8H18/c1-7(2)6-8(3,4)5/h7H,6H2,1-5H3",,,0.233,0.767,,
11.74,-,molar,"InChI=1S/C10H12/c1-2-6-10-8-4-3-7-9(10)5-1/h1-2,5-6H,3-4,7-8H2","InChI=1S/C8H18/c1-7(2)6-8(3,4)5/h7H,6H2,1-5H3",,,0.27,0.73,,
9.7,-,molar,"InChI=1S/C10H12/c1-2-6-10-8-4-3-7-9(10)5-1/h1-2,5-6H,3-4,7-8H2","InChI=1S/C8H18/c1-7(2)6-8(3,4)5/h7H,6H2,1-5H3",,,0.34,0.66,,
11.74,-,molar,"InChI=1S/C10H12/c1-2-6-10-8-4-3-7-9(10)5-1/h1-2,5-6H,3-4,7-8H2","InChI=1S/C8H18/c1-7(2)6-8(3,4)5/h7H,6H2,1-5H3",,,0.342,0.658,,
10.63,-,molar,"InChI=1S/C10H12/c1-2-6-10-8-4-3-7-9(10)5-1/h1-2,5-6H,3-4,7-8H2","InChI=1S/C8H18/c1-7(2)6-8(3,4)5/h7H,6H2,1-5H3",,,0.365,0.635,,
10.63,-,molar,"InChI=1S/C10H12/c1-2-6-10-8-4-3-7-9(10)5-1/h1-2,5-6H,3-4,7-8H2","InChI=1S/C8H18/c1-7(2)6-8(3,4)5/h7H,6H2,1-5H3",,,0.447,0.553,,
8.7,-,molar,"InChI=1S/C10H12/c1-2-6-10-8-4-3-7-9(10)5-1/h1-2,5-6H,3-4,7-8H2","InChI=1S/C8H18/c1-7(2)6-8(3,4)5/h7H,6H2,1-5H3",,,0.45,0.55,,
9.66,-,molar,"InChI=1S/C10H12/c1-2-6-10-8-4-3-7-9(10)5-1/h1-2,5-6H,3-4,7-8H2","InChI=1S/C8H18/c1-7(2)6-8(3,4)5/h7H,6H2,1-5H3",,,0.463,0.537,,
9.66,-,molar,"InChI=1S/C10H12/c1-2-6-10-8-4-3-7-9(10)5-1/h1-2,5-6H,3-4,7-8H2","InChI=1S/C8H18/c1-7(2)6-8(3,4)5/h7H,6H2,1-5H3",,,0.548,0.452,,
7.8,-,molar,"InChI=1S/C10H12/c1-2-6-10-8-4-3-7-9(10)5-1/h1-2,5-6H,3-4,7-8H2","InChI=1S/C8H18/c1-7(2)6-8(3,4)5/h7H,6H2,1-5H3",,,0.55,0.45,,
9.22,-,molar,"InChI=1S/C10H12/c1-2-6-10-8-4-3-7-9(10)5-1/h1-2,5-6H,3-4,7-8H2","InChI=1S/C8H18/c1-7(2)6-8(3,4)5/h7H,6H2,1-5H3",,,0.564,0.436,,
9.22,-,molar,"InChI=1S/C10H12/c1-2-6-10-8-4-3-7-9(10)5-1/h1-2,5-6H,3-4,7-8H2","InChI=1S/C8H18/c1-7(2)6-8(3,4)5/h7H,6H2,1-5H3",,,0.645,0.355,,
7.5,-,molar,"InChI=1S/C10H12/c1-2-6-10-8-4-3-7-9(10)5-1/h1-2,5-6H,3-4,7-8H2","InChI=1S/C8H18/c1-7(2)6-8(3,4)5/h7H,6H2,1-5H3",,,0.65,0.35,,
9.2,-,molar,"InChI=1S/C10H12/c1-2-6-10-8-4-3-7-9(10)5-1/h1-2,5-6H,3-4,7-8H2","InChI=1S/C8H18/c1-7(2)6-8(3,4)5/h7H,6H2,1-5H3",,,0.668,0.332,,
9.2,-,molar,"InChI=1S/C10H12/c1-2-6-10-8-4-3-7-9(10)5-1/h1-2,5-6H,3-4,7-8H2","InChI=1S/C8H18/c1-7(2)6-8(3,4)5/h7H,6H2,1-5H3",,,0.739,0.261,,
7.5,-,molar,"InChI=1S/C10H12/c1-2-6-10-8-4-3-7-9(10)5-1/h1-2,5-6H,3-4,7-8H2","InChI=1S/C8H18/c1-7(2)6-8(3,4)5/h7H,6H2,1-5H3",,,0.74,0.26,,
9.0,-,molar,"InChI=1S/C10H12/c1-2-6-10-8-4-3-7-9(10)5-1/h1-2,5-6H,3-4,7-8H2","InChI=1S/C8H18/c1-7(2)6-8(3,4)5/h7H,6H2,1-5H3",,,0.775,0.225,,
9.0,-,molar,"InChI=1S/C10H12/c1-2-6-10-8-4-3-7-9(10)5-1/h1-2,5-6H,3-4,7-8H2","InChI=1S/C8H18/c1-7(2)6-8(3,4)5/h7H,6H2,1-5H3",,,0.829,0.171,,
7.3,-,molar,"InChI=1S/C10H12/c1-2-6-10-8-4-3-7-9(10)5-1/h1-2,5-6H,3-4,7-8H2","InChI=1S/C8H18/c1-7(2)6-8(3,4)5/h7H,6H2,1-5H3",,,0.83,0.17,,
8.92,-,molar,"InChI=1S/C10H12/c1-2-6-10-8-4-3-7-9(10)5-1/h1-2,5-6H,3-4,7-8H2","InChI=1S/C8H18/c1-7(2)6-8(3,4)5/h7H,6H2,1-5H3",,,0.886,0.114,,
8.92,-,molar,"InChI=1S/C10H12/c1-2-6-10-8-4-3-7-9(10)5-1/h1-2,5-6H,3-4,7-8H2","InChI=1S/C8H18/c1-7(2)6-8(3,4)5/h7H,6H2,1-5H3",,,0.916,0.084,,
7.25,-,molar,"InChI=1S/C10H12/c1-2-6-10-8-4-3-7-9(10)5-1/h1-2,5-6H,3-4,7-8H2","InChI=1S/C8H18/c1-7(2)6-8(3,4)5/h7H,6H2,1-5H3",,,0.92,0.08,,
38.7,-,molar,"InChI=1S/C10H14/c1-2-3-7-10-8-5-4-6-9-10/h4-6,8-9H,2-3,7H2,1H3","InChI=1S/C10H20/c1-2-3-7-10-8-5-4-6-9-10/h10H,2-9H2,1H3","InChI=1S/C12H26/c1-3-5-7-9-11-12-10-8-6-4-2/h3-12H2,1-2H3","InChI=1S/C16H34/c1-13(10-14(2,3)4)11-16(8,9)12-15(5,6)7/h13H,10-12H2,1-9H3",0.05,0.45,0.1,0.4
37.0,-,molar,"InChI=1S/C10H14/c1-2-3-7-10-8-5-4-6-9-10/h4-6,8-9H,2-3,7H2,1H3","InChI=1S/C10H20/c1-2-3-7-10-8-5-4-6-9-10/h10H,2-9H2,1H3","InChI=1S/C12H26/c1-3-5-7-9-11-12-10-8-6-4-2/h3-12H2,1-2H3","InChI=1S/C16H34/c1-13(10-14(2,3)4)11-16(8,9)12-15(5,6)7/h13H,10-12H2,1-9H3",0.1,0.4,0.1,0.4
56.7,-,molar,"InChI=1S/C10H14/c1-2-3-7-10-8-5-4-6-9-10/h4-6,8-9H,2-3,7H2,1H3","InChI=1S/C10H20/c1-2-3-7-10-8-5-4-6-9-10/h10H,2-9H2,1H3","InChI=1S/C12H26/c1-3-5-7-9-11-12-10-8-6-4-2/h3-12H2,1-2H3","InChI=1S/C16H34/c1-13(10-14(2,3)4)11-16(8,9)12-15(5,6)7/h13H,10-12H2,1-9H3",0.1,0.4,0.4,0.1
39.3,-,molar,"InChI=1S/C10H14/c1-2-3-7-10-8-5-4-6-9-10/h4-6,8-9H,2-3,7H2,1H3","InChI=1S/C10H20/c1-2-3-7-10-8-5-4-6-9-10/h10H,2-9H2,1H3","InChI=1S/C12H26/c1-3-5-7-9-11-12-10-8-6-4-2/h3-12H2,1-2H3","InChI=1S/C16H34/c1-13(10-14(2,3)4)11-16(8,9)12-15(5,6)7/h13H,10-12H2,1-9H3",0.1,0.45,0.1,0.35
42.1,-,molar,"InChI=1S/C10H14/c1-2-3-7-10-8-5-4-6-9-10/h4-6,8-9H,2-3,7H2,1H3","InChI=1S/C10H20/c1-2-3-7-10-8-5-4-6-9-10/h10H,2-9H2,1H3","InChI=1S/C12H26/c1-3-5-7-9-11-12-10-8-6-4-2/h3-12H2,1-2H3","InChI=1S/C16H34/c1-13(10-14(2,3)4)11-16(8,9)12-15(5,6)7/h13H,10-12H2,1-9H3",0.1,0.45,0.15,0.3
55.7,-,molar,"InChI=1S/C10H14/c1-2-3-7-10-8-5-4-6-9-10/h4-6,8-9H,2-3,7H2,1H3","InChI=1S/C10H20/c1-2-3-7-10-8-5-4-6-9-10/h10H,2-9H2,1H3","InChI=1S/C12H26/c1-3-5-7-9-11-12-10-8-6-4-2/h3-12H2,1-2H3","InChI=1S/C16H34/c1-13(10-14(2,3)4)11-16(8,9)12-15(5,6)7/h13H,10-12H2,1-9H3",0.1,0.45,0.35,0.1
35.8,-,molar,"InChI=1S/C10H14/c1-2-3-7-10-8-5-4-6-9-10/h4-6,8-9H,2-3,7H2,1H3","InChI=1S/C10H20/c1-2-3-7-10-8-5-4-6-9-10/h10H,2-9H2,1H3","InChI=1S/C12H26/c1-3-5-7-9-11-12-10-8-6-4-2/h3-12H2,1-2H3","InChI=1S/C16H34/c1-13(10-14(2,3)4)11-16(8,9)12-15(5,6)7/h13H,10-12H2,1-9H3",0.15,0.35,0.1,0.4
46.8,-,molar,"InChI=1S/C10H14/c1-2-3-7-10-8-5-4-6-9-10/h4-6,8-9H,2-3,7H2,1H3","InChI=1S/C10H20/c1-2-3-7-10-8-5-4-6-9-10/h10H,2-9H2,1H3","InChI=1S/C12H26/c1-3-5-7-9-11-12-10-8-6-4-2/h3-12H2,1-2H3","InChI=1S/C16H34/c1-13(10-14(2,3)4)11-16(8,9)12-15(5,6)7/h13H,10-12H2,1-9H3",0.15,0.4,0.25,0.2
52.2,-,molar,"InChI=1S/C10H14/c1-2-3-7-10-8-5-4-6-9-10/h4-6,8-9H,2-3,7H2,1H3","InChI=1S/C10H20/c1-2-3-7-10-8-5-4-6-9-10/h10H,2-9H2,1H3","InChI=1S/C12H26/c1-3-5-7-9-11-12-10-8-6-4-2/h3-12H2,1-2H3","InChI=1S/C16H34/c1-13(10-14(2,3)4)11-16(8,9)12-15(5,6)7/h13H,10-12H2,1-9H3",0.15,0.4,0.3,0.15
53.7,-,molar,"InChI=1S/C10H14/c1-2-3-7-10-8-5-4-6-9-10/h4-6,8-9H,2-3,7H2,1H3","InChI=1S/C10H20/c1-2-3-7-10-8-5-4-6-9-10/h10H,2-9H2,1H3","InChI=1S/C12H26/c1-3-5-7-9-11-12-10-8-6-4-2/h3-12H2,1-2H3","InChI=1S/C16H34/c1-13(10-14(2,3)4)11-16(8,9)12-15(5,6)7/h13H,10-12H2,1-9H3",0.15,0.4,0.35,0.1
39.8,-,molar,"InChI=1S/C10H14/c1-2-3-7-10-8-5-4-6-9-10/h4-6,8-9H,2-3,7H2,1H3","InChI=1S/C10H20/c1-2-3-7-10-8-5-4-6-9-10/h10H,2-9H2,1H3","InChI=1S/C12H26/c1-3-5-7-9-11-12-10-8-6-4-2/h3-12H2,1-2H3","InChI=1S/C16H34/c1-13(10-14(2,3)4)11-16(8,9)12-15(5,6)7/h13H,10-12H2,1-9H3",0.15,0.45,0.1,0.3
45.5,-,molar,"InChI=1S/C10H14/c1-2-3-7-10-8-5-4-6-9-10/h4-6,8-9H,2-3,7H2,1H3","InChI=1S/C10H20/c1-2-3-7-10-8-5-4-6-9-10/h10H,2-9H2,1H3","InChI=1S/C12H26/c1-3-5-7-9-11-12-10-8-6-4-2/h3-12H2,1-2H3","InChI=1S/C16H34/c1-13(10-14(2,3)4)11-16(8,9)12-15(5,6)7/h13H,10-12H2,1-9H3",0.15,0.45,0.2,0.2
53.6,-,molar,"InChI=1S/C10H14/c1-2-3-7-10-8-5-4-6-9-10/h4-6,8-9H,2-3,7H2,1H3","InChI=1S/C10H20/c1-2-3-7-10-8-5-4-6-9-10/h10H,2-9H2,1H3","InChI=1S/C12H26/c1-3-5-7-9-11-12-10-8-6-4-2/h3-12H2,1-2H3","InChI=1S/C16H34/c1-13(10-14(2,3)4)11-16(8,9)12-15(5,6)7/h13H,10-12H2,1-9H3",0.15,0.45,0.3,0.1
42.5,-,molar,"InChI=1S/C10H14/c1-2-3-7-10-8-5-4-6-9-10/h4-6,8-9H,2-3,7H2,1H3","InChI=1S/C10H20/c1-2-3-7-10-8-5-4-6-9-10/h10H,2-9H2,1H3","InChI=1S/C12H26/c1-3-5-7-9-11-12-10-8-6-4-2/h3-12H2,1-2H3","InChI=1S/C16H34/c1-13(10-14(2,3)4)11-16(8,9)12-15(5,6)7/h13H,10-12H2,1-9H3",0.16,0.39,0.13,0.32
34.8,-,molar,"InChI=1S/C10H14/c1-2-3-7-10-8-5-4-6-9-10/h4-6,8-9H,2-3,7H2,1H3","InChI=1S/C10H20/c1-2-3-7-10-8-5-4-6-9-10/h10H,2-9H2,1H3","InChI=1S/C12H26/c1-3-5-7-9-11-12-10-8-6-4-2/h3-12H2,1-2H3","InChI=1S/C16H34/c1-13(10-14(2,3)4)11-16(8,9)12-15(5,6)7/h13H,10-12H2,1-9H3",0.2,0.3,0.1,0.4
44.2,-,molar,"InChI=1S/C10H14/c1-2-3-7-10-8-5-4-6-9-10/h4-6,8-9H,2-3,7H2,1H3","InChI=1S/C10H20/c1-2-3-7-10-8-5-4-6-9-10/h10H,2-9H2,1H3","InChI=1S/C12H26/c1-3-5-7-9-11-12-10-8-6-4-2/h3-12H2,1-2H3","InChI=1S/C16H34/c1-13(10-14(2,3)4)11-16(8,9)12-15(5,6)7/h13H,10-12H2,1-9H3",0.2,0.4,0.2,0.2
39.8,-,molar,"InChI=1S/C10H14/c1-2-3-7-10-8-5-4-6-9-10/h4-6,8-9H,2-3,7H2,1H3","InChI=1S/C10H20/c1-2-3-7-10-8-5-4-6-9-10/h10H,2-9H2,1H3","InChI=1S/C12H26/c1-3-5-7-9-11-12-10-8-6-4-2/h3-12H2,1-2H3","InChI=1S/C16H34/c1-13(10-14(2,3)4)11-16(8,9)12-15(5,6)7/h13H,10-12H2,1-9H3",0.2,0.45,0.1,0.25
45.7,-,molar,"InChI=1S/C10H14/c1-2-3-7-10-8-5-4-6-9-10/h4-6,8-9H,2-3,7H2,1H3","InChI=1S/C10H20/c1-2-3-7-10-8-5-4-6-9-10/h10H,2-9H2,1H3","InChI=1S/C12H26/c1-3-5-7-9-11-12-10-8-6-4-2/h3-12H2,1-2H3","InChI=1S/C16H34/c1-13(10-14(2,3)4)11-16(8,9)12-15(5,6)7/h13H,10-12H2,1-9H3",0.2,0.45,0.2,0.15
33.8,-,molar,"InChI=1S/C10H14/c1-2-3-7-10-8-5-4-6-9-10/h4-6,8-9H,2-3,7H2,1H3","InChI=1S/C10H20/c1-2-3-7-10-8-5-4-6-9-10/h10H,2-9H2,1H3","InChI=1S/C12H26/c1-3-5-7-9-11-12-10-8-6-4-2/h3-12H2,1-2H3","InChI=1S/C16H34/c1-13(10-14(2,3)4)11-16(8,9)12-15(5,6)7/h13H,10-12H2,1-9H3",0.25,0.25,0.1,0.4
43.0,-,molar,"InChI=1S/C10H14/c1-2-3-7-10-8-5-4-6-9-10/h4-6,8-9H,2-3,7H2,1H3","InChI=1S/C10H20/c1-2-3-7-10-8-5-4-6-9-10/h10H,2-9H2,1H3","InChI=1S/C12H26/c1-3-5-7-9-11-12-10-8-6-4-2/h3-12H2,1-2H3","InChI=1S/C16H34/c1-13(10-14(2,3)4)11-16(8,9)12-15(5,6)7/h13H,10-12H2,1-9H3",0.25,0.45,0.15,0.15
49.4,-,molar,"InChI=1S/C10H14/c1-2-3-7-10-8-5-4-6-9-10/h4-6,8-9H,2-3,7H2,1H3","InChI=1S/C10H20/c1-2-3-7-10-8-5-4-6-9-10/h10H,2-9H2,1H3","InChI=1S/C12H26/c1-3-5-7-9-11-12-10-8-6-4-2/h3-12H2,1-2H3",,0.4,0.45,0.15,
49.2,-,molar,"InChI=1S/C10H14/c1-2-3-7-10-8-5-4-6-9-10/h4-6,8-9H,2-3,7H2,1H3","InChI=1S/C10H20/c1-2-3-7-10-8-5-4-6-9-10/h10H,2-9H2,1H3","InChI=1S/C12H26/c1-3-5-7-9-11-12-10-8-6-4-2/h3-12H2,1-2H3",,0.5,0.25,0.25,
49.1,-,molar,"InChI=1S/C10H14/c1-2-3-7-10-8-5-4-6-9-10/h4-6,8-9H,2-3,7H2,1H3","InChI=1S/C10H20/c1-2-3-7-10-8-5-4-6-9-10/h10H,2-9H2,1H3","InChI=1S/C12H26/c1-3-5-7-9-11-12-10-8-6-4-2/h3-12H2,1-2H3",,0.58,0.11,0.31,
56.0,-,molar,"InChI=1S/C10H18/c1-2-6-10-8-4-3-7-9(10)5-1/h9-10H,1-8H2","InChI=1S/C10H22/c1-3-5-7-9-10-8-6-4-2/h3-10H2,1-2H3",InChI=1S/C6H6/c1-2-4-6-5-3-1/h1-6H,"InChI=1S/C7H14/c1-7-5-3-2-4-6-7/h7H,2-6H2,1H3",0.21,0.45,0.19,0.15
34.5,-,molar,"InChI=1S/C10H18/c1-2-6-10-8-4-3-7-9(10)5-1/h9-10H,1-8H2","InChI=1S/C10H22/c1-3-5-7-9-10-8-6-4-2/h3-10H2,1-2H3",InChI=1S/C6H6/c1-2-4-6-5-3-1/h1-6H,"InChI=1S/C7H14/c1-7-5-3-2-4-6-7/h7H,2-6H2,1H3",0.24,0.056,0.141,0.563
40.87,-,molar,"InChI=1S/C10H18/c1-2-6-10-8-4-3-7-9(10)5-1/h9-10H,1-8H2","InChI=1S/C10H22/c1-3-5-7-9-10-8-6-4-2/h3-10H2,1-2H3",InChI=1S/C6H6/c1-2-4-6-5-3-1/h1-6H,"InChI=1S/C7H14/c1-7-5-3-2-4-6-7/h7H,2-6H2,1H3",0.34,0.12,0.3,0.24
60.6,-,molar,"InChI=1S/C10H20/c1-2-3-7-10-8-5-4-6-9-10/h10H,2-9H2,1H3","InChI=1S/C12H18/c1-2-3-4-6-9-12-10-7-5-8-11-12/h5,7-8,10-11H,2-4,6,9H2,1H3","InChI=1S/C16H34/c1-3-5-7-9-11-13-15-16-14-12-10-8-6-4-2/h3-16H2,1-2H3",,0.25,0.17,0.58,
59.5,-,molar,"InChI=1S/C10H20/c1-2-3-7-10-8-5-4-6-9-10/h10H,2-9H2,1H3","InChI=1S/C12H18/c1-2-3-4-6-9-12-10-7-5-8-11-12/h5,7-8,10-11H,2-4,6,9H2,1H3","InChI=1S/C16H34/c1-3-5-7-9-11-13-15-16-14-12-10-8-6-4-2/h3-16H2,1-2H3",,0.25,0.56,0.19,
59.1,-,molar,"InChI=1S/C10H20/c1-2-3-7-10-8-5-4-6-9-10/h10H,2-9H2,1H3","InChI=1S/C12H18/c1-2-3-4-6-9-12-10-7-5-8-11-12/h5,7-8,10-11H,2-4,6,9H2,1H3","InChI=1S/C16H34/c1-3-5-7-9-11-13-15-16-14-12-10-8-6-4-2/h3-16H2,1-2H3",,0.5,0.27,0.23,
23.9,-,molar,"InChI=1S/C10H22/c1-3-5-7-9-10-8-6-4-2/h3-10H2,1-2H3",InChI=1S/C6H6/c1-2-4-6-5-3-1/h1-6H,"InChI=1S/C8H14/c1-7(2)5-6-8(3)4/h5-6H,1-4H3","InChI=1S/C9H12/c1-7-4-8(2)6-9(3)5-7/h4-6H,1-3H3",0.13,0.45,0.33,0.09
30.0,-,molar,"InChI=1S/C10H22/c1-3-5-7-9-10-8-6-4-2/h3-10H2,1-2H3",InChI=1S/C6H6/c1-2-4-6-5-3-1/h1-6H,"InChI=1S/C8H14/c1-7(2)5-6-8(3)4/h5-6H,1-4H3","InChI=1S/C9H12/c1-7-4-8(2)6-9(3)5-7/h4-6H,1-3H3",0.21,0.37,0.33,0.09
36.15,-,molar,"InChI=1S/C10H22/c1-3-5-7-9-10-8-6-4-2/h3-10H2,1-2H3",InChI=1S/C6H6/c1-2-4-6-5-3-1/h1-6H,"InChI=1S/C8H14/c1-7(2)5-6-8(3)4/h5-6H,1-4H3","InChI=1S/C9H12/c1-7-4-8(2)6-9(3)5-7/h4-6H,1-3H3",0.35,0.1,0.35,0.2
33.0,-,molar,"InChI=1S/C10H22/c1-3-5-7-9-10-8-6-4-2/h3-10H2,1-2H3","InChI=1S/C7H8/c1-7-5-3-2-4-6-7/h2-6H,1H3","InChI=1S/C8H16/c1-3-5-7-8-6-4-2/h3H,1,4-8H2,2H3","InChI=1S/C9H10/c1-2-5-9-7-3-6-8(9)4-1/h1-2,4-5H,3,6-7H2",0.03,0.28,0.55,0.14
53.0,-,molar,"InChI=1S/C10H22/c1-3-5-7-9-10-8-6-4-2/h3-10H2,1-2H3","InChI=1S/C7H8/c1-7-5-3-2-4-6-7/h2-6H,1H3","InChI=1S/C8H16/c1-3-5-7-8-6-4-2/h3H,1,4-8H2,2H3","InChI=1S/C9H10/c1-2-5-9-7-3-6-8(9)4-1/h1-2,4-5H,3,6-7H2",0.52,0.12,0.12,0.24
32.99,-,molar,"InChI=1S/C10H22/c1-3-5-7-9-10-8-6-4-2/h3-10H2,1-2H3","InChI=1S/C7H8/c1-7-5-3-2-4-6-7/h2-6H,1H3","InChI=1S/C8H18/c1-7(2)6-8(3,4)5/h7H,6H2,1-5H3",,0.172,0.15,0.678,
31.66,-,molar,"InChI=1S/C10H22/c1-3-5-7-9-10-8-6-4-2/h3-10H2,1-2H3","InChI=1S/C7H8/c1-7-5-3-2-4-6-7/h2-6H,1H3","InChI=1S/C8H18/c1-7(2)6-8(3,4)5/h7H,6H2,1-5H3",,0.177,0.384,0.439,
36.93,-,molar,"InChI=1S/C10H22/c1-3-5-7-9-10-8-6-4-2/h3-10H2,1-2H3","InChI=1S/C7H8/c1-7-5-3-2-4-6-7/h2-6H,1H3","InChI=1S/C8H18/c1-7(2)6-8(3,4)5/h7H,6H2,1-5H3",,0.261,0.479,0.26,
43.27,-,molar,"InChI=1S/C10H22/c1-3-5-7-9-10-8-6-4-2/h3-10H2,1-2H3","InChI=1S/C7H8/c1-7-5-3-2-4-6-7/h2-6H,1H3","InChI=1S/C8H18/c1-7(2)6-8(3,4)5/h7H,6H2,1-5H3",,0.348,0.298,0.354,
45.52,-,molar,"InChI=1S/C10H22/c1-3-5-7-9-10-8-6-4-2/h3-10H2,1-2H3","InChI=1S/C7H8/c1-7-5-3-2-4-6-7/h2-6H,1H3","InChI=1S/C8H18/c1-7(2)6-8(3,4)5/h7H,6H2,1-5H3",,0.376,0.17,0.454,
57.14,-,molar,"InChI=1S/C10H22/c1-3-5-7-9-10-8-6-4-2/h3-10H2,1-2H3","InChI=1S/C7H8/c1-7-5-3-2-4-6-7/h2-6H,1H3","InChI=1S/C8H18/c1-7(2)6-8(3,4)5/h7H,6H2,1-5H3",,0.683,0.145,0.172,
28.58,-,molar,"InChI=1S/C10H22/c1-3-5-7-9-10-8-6-4-2/h3-10H2,1-2H3","InChI=1S/C7H8/c1-7-5-3-2-4-6-7/h2-6H,1H3",,,0.196,0.804,,
44.18,-,molar,"InChI=1S/C10H22/c1-3-5-7-9-10-8-6-4-2/h3-10H2,1-2H3","InChI=1S/C7H8/c1-7-5-3-2-4-6-7/h2-6H,1H3",,,0.398,0.602,,
54.14,-,molar,"InChI=1S/C10H22/c1-3-5-7-9-10-8-6-4-2/h3-10H2,1-2H3","InChI=1S/C7H8/c1-7-5-3-2-4-6-7/h2-6H,1H3",,,0.592,0.408,,
62.14,-,molar,"InChI=1S/C10H22/c1-3-5-7-9-10-8-6-4-2/h3-10H2,1-2H3","InChI=1S/C7H8/c1-7-5-3-2-4-6-7/h2-6H,1H3",,,0.796,0.204,,
36.59,-,molar,"InChI=1S/C10H22/c1-3-5-7-9-10-8-6-4-2/h3-10H2,1-2H3","InChI=1S/C8H18/c1-7(2)6-8(3,4)5/h7H,6H2,1-5H3",,,0.201,0.799,,
45.0,-,molar,"InChI=1S/C10H22/c1-3-5-7-9-10-8-6-4-2/h3-10H2,1-2H3","InChI=1S/C8H18/c1-7(2)6-8(3,4)5/h7H,6H2,1-5H3",,,0.354,0.646,,
46.93,-,molar,"InChI=1S/C10H22/c1-3-5-7-9-10-8-6-4-2/h3-10H2,1-2H3","InChI=1S/C8H18/c1-7(2)6-8(3,4)5/h7H,6H2,1-5H3",,,0.4,0.6,,
50.0,-,molar,"InChI=1S/C10H22/c1-3-5-7-9-10-8-6-4-2/h3-10H2,1-2H3","InChI=1S/C8H18/c1-7(2)6-8(3,4)5/h7H,6H2,1-5H3",,,0.467,0.533,,
55.08,-,molar,"InChI=1S/C10H22/c1-3-5-7-9-10-8-6-4-2/h3-10H2,1-2H3","InChI=1S/C8H18/c1-7(2)6-8(3,4)5/h7H,6H2,1-5H3",,,0.603,0.397,,
55.0,-,molar,"InChI=1S/C10H22/c1-3-5-7-9-10-8-6-4-2/h3-10H2,1-2H3","InChI=1S/C8H18/c1-7(2)6-8(3,4)5/h7H,6H2,1-5H3",,,0.61,0.39,,
59.1,-,molar,"InChI=1S/C10H22/c1-3-5-7-9-10-8-6-4-2/h3-10H2,1-2H3","InChI=1S/C8H18/c1-7(2)6-8(3,4)5/h7H,6H2,1-5H3",,,0.744,0.256,,
61.21,-,molar,"InChI=1S/C10H22/c1-3-5-7-9-10-8-6-4-2/h3-10H2,1-2H3","InChI=1S/C8H18/c1-7(2)6-8(3,4)5/h7H,6H2,1-5H3",,,0.807,0.193,,
65.0,-,molar,"InChI=1S/C10H22/c1-3-5-7-9-10-8-6-4-2/h3-10H2,1-2H3","InChI=1S/C8H18/c1-7(2)6-8(3,4)5/h7H,6H2,1-5H3",,,0.934,0.066,,
22.0,-,molar,"InChI=1S/C10H22O/c1-9(2)5-7-11-8-6-10(3)4/h9-10H,5-8H2,1-4H3","InChI=1S/C7H8/c1-7-5-3-2-4-6-7/h2-6H,1H3",,,0.19,0.81,,
32.9,-,molar,"InChI=1S/C10H22O/c1-9(2)5-7-11-8-6-10(3)4/h9-10H,5-8H2,1-4H3","InChI=1S/C7H8/c1-7-5-3-2-4-6-7/h2-6H,1H3",,,0.26,0.74,,
43.4,-,molar,"InChI=1S/C10H22O/c1-9(2)5-7-11-8-6-10(3)4/h9-10H,5-8H2,1-4H3","InChI=1S/C7H8/c1-7-5-3-2-4-6-7/h2-6H,1H3",,,0.35,0.65,,
53.2,-,molar,"InChI=1S/C10H22O/c1-9(2)5-7-11-8-6-10(3)4/h9-10H,5-8H2,1-4H3","InChI=1S/C7H8/c1-7-5-3-2-4-6-7/h2-6H,1H3",,,0.44,0.56,,
70.1,-,molar,"InChI=1S/C10H22O/c1-9(2)5-7-11-8-6-10(3)4/h9-10H,5-8H2,1-4H3","InChI=1S/C7H8/c1-7-5-3-2-4-6-7/h2-6H,1H3",,,0.68,0.32,,
17.1,-,molar,"InChI=1S/C10H22O/c1-9(2)5-7-11-8-6-10(3)4/h9-10H,5-8H2,1-4H3","InChI=1S/CH4O/c1-2/h2H,1H3",,,0.17,0.83,,
27.3,-,molar,"InChI=1S/C10H22O/c1-9(2)5-7-11-8-6-10(3)4/h9-10H,5-8H2,1-4H3","InChI=1S/CH4O/c1-2/h2H,1H3",,,0.23,0.77,,
39.1,-,molar,"InChI=1S/C10H22O/c1-9(2)5-7-11-8-6-10(3)4/h9-10H,5-8H2,1-4H3","InChI=1S/CH4O/c1-2/h2H,1H3",,,0.32,0.68,,
53.5,-,molar,"InChI=1S/C10H22O/c1-9(2)5-7-11-8-6-10(3)4/h9-10H,5-8H2,1-4H3","InChI=1S/CH4O/c1-2/h2H,1H3",,,0.45,0.55,,
69.0,-,molar,"InChI=1S/C10H22O/c1-9(2)5-7-11-8-6-10(3)4/h9-10H,5-8H2,1-4H3","InChI=1S/CH4O/c1-2/h2H,1H3",,,0.65,0.35,,
67.5,-,molar,"InChI=1S/C11H24/c1-3-5-7-9-11-10-8-6-4-2/h3-11H2,1-2H3","InChI=1S/C9H12/c1-8(2)9-6-4-3-5-7-9/h3-8H,1-2H3",,,0.8,0.2,,
19.8,-,molar,"InChI=1S/C12H26/c1-3-5-7-9-11-12-10-8-6-4-2/h3-12H2,1-2H3","InChI=1S/C7H8/c1-7-5-3-2-4-6-7/h2-6H,1H3","InChI=1S/C8H18/c1-7(2)6-8(3,4)5/h7H,6H2,1-5H3","InChI=1S/C9H12/c1-2-6-9-7-4-3-5-8-9/h3-5,7-8H,2,6H2,1H3",0.07,0.25,0.2,0.48
37.3,-,molar,"InChI=1S/C12H26/c1-3-5-7-9-11-12-10-8-6-4-2/h3-12H2,1-2H3","InChI=1S/C7H8/c1-7-5-3-2-4-6-7/h2-6H,1H3","InChI=1S/C8H18/c1-7(2)6-8(3,4)5/h7H,6H2,1-5H3","InChI=1S/C9H12/c1-2-6-9-7-4-3-5-8-9/h3-5,7-8H,2,6H2,1H3",0.134,0.371,0.399,0.096
60.5,-,molar,"InChI=1S/C12H26/c1-3-5-7-9-11-12-10-8-6-4-2/h3-12H2,1-2H3","InChI=1S/C7H8/c1-7-5-3-2-4-6-7/h2-6H,1H3","InChI=1S/C8H18/c1-7(2)6-8(3,4)5/h7H,6H2,1-5H3","InChI=1S/C9H12/c1-2-6-9-7-4-3-5-8-9/h3-5,7-8H,2,6H2,1H3",0.49,0.151,0.243,0.116
46.0,-,molar,"InChI=1S/C12H26/c1-3-5-7-9-11-12-10-8-6-4-2/h3-12H2,1-2H3","InChI=1S/C7H8/c1-7-5-3-2-4-6-7/h2-6H,1H3","InChI=1S/C8H18/c1-7(2)6-8(3,4)5/h7H,6H2,1-5H3","InChI=1S/C9H12/c1-7-4-8(2)6-9(3)5-7/h4-6H,1-3H3",0.4,0.3,0.1,0.2
63.2,-,molar,"InChI=1S/C12H26/c1-3-5-7-9-11-12-10-8-6-4-2/h3-12H2,1-2H3","InChI=1S/C7H8/c1-7-5-3-2-4-6-7/h2-6H,1H3","InChI=1S/C8H18/c1-7(2)6-8(3,4)5/h7H,6H2,1-5H3","InChI=1S/C9H12/c1-7-4-8(2)6-9(3)5-7/h4-6H,1-3H3",0.7,0.1,0.1,0.1
48.0,-,molar,"InChI=1S/C12H26/c1-3-5-7-9-11-12-10-8-6-4-2/h3-12H2,1-2H3","InChI=1S/C8H18/c1-7(2)6-8(3,4)5/h7H,6H2,1-5H3","InChI=1S/C9H12/c1-2-6-9-7-4-3-5-8-9/h3-5,7-8H,2,6H2,1H3","InChI=1S/C9H12/c1-7-4-8(2)6-9(3)5-7/h4-6H,1-3H3",0.4,0.3,0.23,0.07
45.0,-,molar,"InChI=1S/C12H26/c1-3-5-7-9-11-12-10-8-6-4-2/h3-12H2,1-2H3","InChI=1S/C8H18/c1-7(2)6-8(3,4)5/h7H,6H2,1-5H3",,,0.261,0.739,,
50.0,-,molar,"InChI=1S/C12H26/c1-3-5-7-9-11-12-10-8-6-4-2/h3-12H2,1-2H3","InChI=1S/C8H18/c1-7(2)6-8(3,4)5/h7H,6H2,1-5H3",,,0.347,0.653,,
55.0,-,molar,"InChI=1S/C12H26/c1-3-5-7-9-11-12-10-8-6-4-2/h3-12H2,1-2H3","InChI=1S/C8H18/c1-7(2)6-8(3,4)5/h7H,6H2,1-5H3",,,0.442,0.558,,
59.1,-,molar,"InChI=1S/C12H26/c1-3-5-7-9-11-12-10-8-6-4-2/h3-12H2,1-2H3","InChI=1S/C8H18/c1-7(2)6-8(3,4)5/h7H,6H2,1-5H3",,,0.519,0.481,,
65.0,-,molar,"InChI=1S/C12H26/c1-3-5-7-9-11-12-10-8-6-4-2/h3-12H2,1-2H3","InChI=1S/C8H18/c1-7(2)6-8(3,4)5/h7H,6H2,1-5H3",,,0.662,0.338,,
33.1,-,molar,"InChI=1S/C12H26O/c1-3-5-7-9-11-13-12-10-8-6-4-2/h3-12H2,1-2H3","InChI=1S/C6H14O/c1-2-3-4-5-6-7/h7H,2-6H2,1H3",,,0.12,0.88,,
47.0,-,molar,"InChI=1S/C12H26O/c1-3-5-7-9-11-13-12-10-8-6-4-2/h3-12H2,1-2H3","InChI=1S/C6H14O/c1-2-3-4-5-6-7/h7H,2-6H2,1H3",,,0.28,0.72,,
64.3,-,molar,"InChI=1S/C12H26O/c1-3-5-7-9-11-13-12-10-8-6-4-2/h3-12H2,1-2H3","InChI=1S/C6H14O/c1-2-3-4-5-6-7/h7H,2-6H2,1H3",,,0.48,0.52,,
82.9,-,molar,"InChI=1S/C12H26O/c1-3-5-7-9-11-13-12-10-8-6-4-2/h3-12H2,1-2H3","InChI=1S/C6H14O/c1-2-3-4-5-6-7/h7H,2-6H2,1H3",,,0.67,0.33,,
7.5,-,molar,"InChI=1S/C12H26O/c1-3-5-7-9-11-13-12-10-8-6-4-2/h3-12H2,1-2H3","InChI=1S/CH4O/c1-2/h2H,1H3",,,0.09,0.91,,
24.2,-,molar,"InChI=1S/C12H26O/c1-3-5-7-9-11-13-12-10-8-6-4-2/h3-12H2,1-2H3","InChI=1S/CH4O/c1-2/h2H,1H3",,,0.19,0.81,,
33.5,-,molar,"InChI=1S/C12H26O/c1-3-5-7-9-11-13-12-10-8-6-4-2/h3-12H2,1-2H3","InChI=1S/CH4O/c1-2/h2H,1H3",,,0.27,0.73,,
47.5,-,molar,"InChI=1S/C12H26O/c1-3-5-7-9-11-13-12-10-8-6-4-2/h3-12H2,1-2H3","InChI=1S/CH4O/c1-2/h2H,1H3",,,0.36,0.64,,
61.1,-,molar,"InChI=1S/C12H26O/c1-3-5-7-9-11-13-12-10-8-6-4-2/h3-12H2,1-2H3","InChI=1S/CH4O/c1-2/h2H,1H3",,,0.49,0.51,,
72.6,-,molar,"InChI=1S/C12H26O/c1-3-5-7-9-11-13-12-10-8-6-4-2/h3-12H2,1-2H3","InChI=1S/CH4O/c1-2/h2H,1H3",,,0.69,0.31,,
70.2,-,molar,"InChI=1S/C16H34/c1-13(10-14(2,3)4)11-16(8,9)12-15(5,6)7/h13H,10-12H2,1-9H3","InChI=1S/C16H34/c1-3-5-7-9-11-13-15-16-14-12-10-8-6-4-2/h3-16H2,1-2H3",InChI=1S/C6H12/c1-2-4-6-5-3-1/h1-6H2,"InChI=1S/C8H16/c1-3-5-7-8-6-4-2/h3H,1,4-8H2,2H3",0.58,0.14,0.07,0.21
78.5,-,molar,"InChI=1S/C16H34/c1-13(10-14(2,3)4)11-16(8,9)12-15(5,6)7/h13H,10-12H2,1-9H3","InChI=1S/C16H34/c1-3-5-7-9-11-13-15-16-14-12-10-8-6-4-2/h3-16H2,1-2H3",InChI=1S/C6H12/c1-2-4-6-5-3-1/h1-6H2,"InChI=1S/C8H16/c1-3-5-7-8-6-4-2/h3H,1,4-8H2,2H3",0.66,0.2,0.07,0.07
69.3,-,molar,"InChI=1S/C16H34/c1-13(10-14(2,3)4)11-16(8,9)12-15(5,6)7/h13H,10-12H2,1-9H3","InChI=1S/C16H34/c1-3-5-7-9-11-13-15-16-14-12-10-8-6-4-2/h3-16H2,1-2H3","InChI=1S/C8H14/c1-7(2)5-6-8(3)4/h5-6H,1-4H3","InChI=1S/C8H16/c1-3-5-7-8-6-4-2/h3H,1,4-8H2,2H3",0.17,0.51,0.15,0.17
50.6,-,molar,"InChI=1S/C16H34/c1-13(10-14(2,3)4)11-16(8,9)12-15(5,6)7/h13H,10-12H2,1-9H3","InChI=1S/C16H34/c1-3-5-7-9-11-13-15-16-14-12-10-8-6-4-2/h3-16H2,1-2H3","InChI=1S/C8H14/c1-7(2)5-6-8(3)4/h5-6H,1-4H3","InChI=1S/C8H16/c1-3-5-7-8-6-4-2/h3H,1,4-8H2,2H3",0.54,0.14,0.12,0.2
43.8,-,molar,"InChI=1S/C16H34/c1-13(10-14(2,3)4)11-16(8,9)12-15(5,6)7/h13H,10-12H2,1-9H3","InChI=1S/C16H34/c1-3-5-7-9-11-13-15-16-14-12-10-8-6-4-2/h3-16H2,1-2H3","InChI=1S/C8H14/c1-7(2)5-6-8(3)4/h5-6H,1-4H3","InChI=1S/C8H16/c1-3-5-7-8-6-4-2/h3H,1,4-8H2,2H3",0.64,0.19,0.11,0.06
65.0,-,molar,"InChI=1S/C16H34/c1-13(10-14(2,3)4)11-16(8,9)12-15(5,6)7/h13H,10-12H2,1-9H3","InChI=1S/C16H34/c1-3-5-7-9-11-13-15-16-14-12-10-8-6-4-2/h3-16H2,1-2H3",,,0.473,0.527,,
59.1,-,molar,"InChI=1S/C16H34/c1-13(10-14(2,3)4)11-16(8,9)12-15(5,6)7/h13H,10-12H2,1-9H3","InChI=1S/C16H34/c1-3-5-7-9-11-13-15-16-14-12-10-8-6-4-2/h3-16H2,1-2H3",,,0.541,0.459,,
55.0,-,molar,"InChI=1S/C16H34/c1-13(10-14(2,3)4)11-16(8,9)12-15(5,6)7/h13H,10-12H2,1-9H3","InChI=1S/C16H34/c1-3-5-7-9-11-13-15-16-14-12-10-8-6-4-2/h3-16H2,1-2H3",,,0.59,0.41,,
50.0,-,molar,"InChI=1S/C16H34/c1-13(10-14(2,3)4)11-16(8,9)12-15(5,6)7/h13H,10-12H2,1-9H3","InChI=1S/C16H34/c1-3-5-7-9-11-13-15-16-14-12-10-8-6-4-2/h3-16H2,1-2H3",,,0.651,0.349,,
45.0,-,molar,"InChI=1S/C16H34/c1-13(10-14(2,3)4)11-16(8,9)12-15(5,6)7/h13H,10-12H2,1-9H3","InChI=1S/C16H34/c1-3-5-7-9-11-13-15-16-14-12-10-8-6-4-2/h3-16H2,1-2H3",,,0.714,0.286,,
68.0,-,molar,"InChI=1S/C16H34/c1-13(10-14(2,3)4)11-16(8,9)12-15(5,6)7/h13H,10-12H2,1-9H3","InChI=1S/C8H18O/c1-3-5-7-9-8-6-4-2/h3-8H2,1-2H3",,,0.38,0.62,,
61.0,-,molar,"InChI=1S/C16H34/c1-13(10-14(2,3)4)11-16(8,9)12-15(5,6)7/h13H,10-12H2,1-9H3","InChI=1S/C8H18O/c1-3-5-7-9-8-6-4-2/h3-8H2,1-2H3",,,0.48,0.52,,
41.5,-,molar,"InChI=1S/C16H34/c1-13(10-14(2,3)4)11-16(8,9)12-15(5,6)7/h13H,10-12H2,1-9H3","InChI=1S/C8H18O/c1-3-5-7-9-8-6-4-2/h3-8H2,1-2H3",,,0.71,0.29,,
68.3,-,molar,"InChI=1S/C16H34/c1-3-5-7-9-11-13-15-16-14-12-10-8-6-4-2/h3-16H2,1-2H3",InChI=1S/C5H10/c1-2-4-5-3-1/h1-5H2,,,0.419,0.581,,
68.3,-,molar,"InChI=1S/C16H34/c1-3-5-7-9-11-13-15-16-14-12-10-8-6-4-2/h3-16H2,1-2H3",InChI=1S/C5H10/c1-2-4-5-3-1/h1-5H2,,,0.427,0.573,,
77.5,-,molar,"InChI=1S/C16H34/c1-3-5-7-9-11-13-15-16-14-12-10-8-6-4-2/h3-16H2,1-2H3",InChI=1S/C5H10/c1-2-4-5-3-1/h1-5H2,,,0.553,0.447,,
77.5,-,molar,"InChI=1S/C16H34/c1-3-5-7-9-11-13-15-16-14-12-10-8-6-4-2/h3-16H2,1-2H3",InChI=1S/C5H10/c1-2-4-5-3-1/h1-5H2,,,0.561,0.439,,
87.9,-,molar,"InChI=1S/C16H34/c1-3-5-7-9-11-13-15-16-14-12-10-8-6-4-2/h3-16H2,1-2H3",InChI=1S/C5H10/c1-2-4-5-3-1/h1-5H2,,,0.736,0.264,,
87.9,-,molar,"InChI=1S/C16H34/c1-3-5-7-9-11-13-15-16-14-12-10-8-6-4-2/h3-16H2,1-2H3",InChI=1S/C5H10/c1-2-4-5-3-1/h1-5H2,,,0.742,0.258,,
80.3,-,molar,"InChI=1S/C16H34/c1-3-5-7-9-11-13-15-16-14-12-10-8-6-4-2/h3-16H2,1-2H3","InChI=1S/C6H12/c1-3-5-6-4-2/h3H,1,4-6H2,2H3",,,0.464,0.536,,
80.3,-,molar,"InChI=1S/C16H34/c1-3-5-7-9-11-13-15-16-14-12-10-8-6-4-2/h3-16H2,1-2H3","InChI=1S/C6H12/c1-3-5-6-4-2/h3H,1,4-6H2,2H3",,,0.5,0.5,,
86.9,-,molar,"InChI=1S/C16H34/c1-3-5-7-9-11-13-15-16-14-12-10-8-6-4-2/h3-16H2,1-2H3","InChI=1S/C6H12/c1-3-5-6-4-2/h3H,1,4-6H2,2H3",,,0.598,0.402,,
86.9,-,molar,"InChI=1S/C16H34/c1-3-5-7-9-11-13-15-16-14-12-10-8-6-4-2/h3-16H2,1-2H3","InChI=1S/C6H12/c1-3-5-6-4-2/h3H,1,4-6H2,2H3",,,0.631,0.369,,
92.7,-,molar,"InChI=1S/C16H34/c1-3-5-7-9-11-13-15-16-14-12-10-8-6-4-2/h3-16H2,1-2H3","InChI=1S/C6H12/c1-3-5-6-4-2/h3H,1,4-6H2,2H3",,,0.77,0.23,,
92.7,-,molar,"InChI=1S/C16H34/c1-3-5-7-9-11-13-15-16-14-12-10-8-6-4-2/h3-16H2,1-2H3","InChI=1S/C6H12/c1-3-5-6-4-2/h3H,1,4-6H2,2H3",,,0.794,0.206,,
95.4,-,molar,"InChI=1S/C16H34/c1-3-5-7-9-11-13-15-16-14-12-10-8-6-4-2/h3-16H2,1-2H3","InChI=1S/C7H16/c1-3-5-7-6-4-2/h3-7H2,1-2H3",,,0.639,0.361,,
95.4,-,molar,"InChI=1S/C16H34/c1-3-5-7-9-11-13-15-16-14-12-10-8-6-4-2/h3-16H2,1-2H3","InChI=1S/C7H16/c1-3-5-7-6-4-2/h3-7H2,1-2H3",,,0.667,0.333,,
98.2,-,molar,"InChI=1S/C16H34/c1-3-5-7-9-11-13-15-16-14-12-10-8-6-4-2/h3-16H2,1-2H3","InChI=1S/C7H16/c1-3-5-7-6-4-2/h3-7H2,1-2H3",,,0.715,0.285,,
98.2,-,molar,"InChI=1S/C16H34/c1-3-5-7-9-11-13-15-16-14-12-10-8-6-4-2/h3-16H2,1-2H3","InChI=1S/C7H16/c1-3-5-7-6-4-2/h3-7H2,1-2H3",,,0.74,0.26,,
100.1,-,molar,"InChI=1S/C16H34/c1-3-5-7-9-11-13-15-16-14-12-10-8-6-4-2/h3-16H2,1-2H3","InChI=1S/C7H16/c1-3-5-7-6-4-2/h3-7H2,1-2H3",,,0.799,0.201,,
100.1,-,molar,"InChI=1S/C16H34/c1-3-5-7-9-11-13-15-16-14-12-10-8-6-4-2/h3-16H2,1-2H3","InChI=1S/C7H16/c1-3-5-7-6-4-2/h3-7H2,1-2H3",,,0.819,0.181,,
101.5,-,molar,"InChI=1S/C16H34/c1-3-5-7-9-11-13-15-16-14-12-10-8-6-4-2/h3-16H2,1-2H3","InChI=1S/C7H16/c1-3-5-7-6-4-2/h3-7H2,1-2H3",,,0.894,0.106,,
101.5,-,molar,"InChI=1S/C16H34/c1-3-5-7-9-11-13-15-16-14-12-10-8-6-4-2/h3-16H2,1-2H3","InChI=1S/C7H16/c1-3-5-7-6-4-2/h3-7H2,1-2H3",,,0.905,0.095,,
25.7,-,molar,"InChI=1S/C16H34/c1-3-5-7-9-11-13-15-16-14-12-10-8-6-4-2/h3-16H2,1-2H3","InChI=1S/C7H8/c1-7-5-3-2-4-6-7/h2-6H,1H3",,,0.08,0.92,,
46.7,-,molar,"InChI=1S/C16H34/c1-3-5-7-9-11-13-15-16-14-12-10-8-6-4-2/h3-16H2,1-2H3","InChI=1S/C7H8/c1-7-5-3-2-4-6-7/h2-6H,1H3",,,0.19,0.81,,
38.9,-,molar,"InChI=1S/C16H34/c1-3-5-7-9-11-13-15-16-14-12-10-8-6-4-2/h3-16H2,1-2H3","InChI=1S/C7H8/c1-7-5-3-2-4-6-7/h2-6H,1H3",,,0.228,0.772,,
38.9,-,molar,"InChI=1S/C16H34/c1-3-5-7-9-11-13-15-16-14-12-10-8-6-4-2/h3-16H2,1-2H3","InChI=1S/C7H8/c1-7-5-3-2-4-6-7/h2-6H,1H3",,,0.23,0.77,,
38.9,-,molar,"InChI=1S/C16H34/c1-3-5-7-9-11-13-15-16-14-12-10-8-6-4-2/h3-16H2,1-2H3","InChI=1S/C7H8/c1-7-5-3-2-4-6-7/h2-6H,1H3",,,0.25,0.75,,
45.6,-,molar,"InChI=1S/C16H34/c1-3-5-7-9-11-13-15-16-14-12-10-8-6-4-2/h3-16H2,1-2H3","InChI=1S/C7H8/c1-7-5-3-2-4-6-7/h2-6H,1H3",,,0.266,0.734,,
45.6,-,molar,"InChI=1S/C16H34/c1-3-5-7-9-11-13-15-16-14-12-10-8-6-4-2/h3-16H2,1-2H3","InChI=1S/C7H8/c1-7-5-3-2-4-6-7/h2-6H,1H3",,,0.27,0.73,,
45.6,-,molar,"InChI=1S/C16H34/c1-3-5-7-9-11-13-15-16-14-12-10-8-6-4-2/h3-16H2,1-2H3","InChI=1S/C7H8/c1-7-5-3-2-4-6-7/h2-6H,1H3",,,0.289,0.711,,
52.2,-,molar,"InChI=1S/C16H34/c1-3-5-7-9-11-13-15-16-14-12-10-8-6-4-2/h3-16H2,1-2H3","InChI=1S/C7H8/c1-7-5-3-2-4-6-7/h2-6H,1H3",,,0.3,0.7,,
52.2,-,molar,"InChI=1S/C16H34/c1-3-5-7-9-11-13-15-16-14-12-10-8-6-4-2/h3-16H2,1-2H3","InChI=1S/C7H8/c1-7-5-3-2-4-6-7/h2-6H,1H3",,,0.306,0.694,,
52.2,-,molar,"InChI=1S/C16H34/c1-3-5-7-9-11-13-15-16-14-12-10-8-6-4-2/h3-16H2,1-2H3","InChI=1S/C7H8/c1-7-5-3-2-4-6-7/h2-6H,1H3",,,0.332,0.668,,
60.150000000000006,-,molar,"InChI=1S/C16H34/c1-3-5-7-9-11-13-15-16-14-12-10-8-6-4-2/h3-16H2,1-2H3","InChI=1S/C7H8/c1-7-5-3-2-4-6-7/h2-6H,1H3",,,0.35,0.65,,
59.1,-,molar,"InChI=1S/C16H34/c1-3-5-7-9-11-13-15-16-14-12-10-8-6-4-2/h3-16H2,1-2H3","InChI=1S/C7H8/c1-7-5-3-2-4-6-7/h2-6H,1H3",,,0.352,0.648,,
59.1,-,molar,"InChI=1S/C16H34/c1-3-5-7-9-11-13-15-16-14-12-10-8-6-4-2/h3-16H2,1-2H3","InChI=1S/C7H8/c1-7-5-3-2-4-6-7/h2-6H,1H3",,,0.379,0.621,,
67.8,-,molar,"InChI=1S/C16H34/c1-3-5-7-9-11-13-15-16-14-12-10-8-6-4-2/h3-16H2,1-2H3","InChI=1S/C7H8/c1-7-5-3-2-4-6-7/h2-6H,1H3",,,0.4,0.6,,
67.8,-,molar,"InChI=1S/C16H34/c1-3-5-7-9-11-13-15-16-14-12-10-8-6-4-2/h3-16H2,1-2H3","InChI=1S/C7H8/c1-7-5-3-2-4-6-7/h2-6H,1H3",,,0.402,0.598,,
67.8,-,molar,"InChI=1S/C16H34/c1-3-5-7-9-11-13-15-16-14-12-10-8-6-4-2/h3-16H2,1-2H3","InChI=1S/C7H8/c1-7-5-3-2-4-6-7/h2-6H,1H3",,,0.43,0.57,,
74.9,-,molar,"InChI=1S/C16H34/c1-3-5-7-9-11-13-15-16-14-12-10-8-6-4-2/h3-16H2,1-2H3","InChI=1S/C7H8/c1-7-5-3-2-4-6-7/h2-6H,1H3",,,0.458,0.542,,
74.9,-,molar,"InChI=1S/C16H34/c1-3-5-7-9-11-13-15-16-14-12-10-8-6-4-2/h3-16H2,1-2H3","InChI=1S/C7H8/c1-7-5-3-2-4-6-7/h2-6H,1H3",,,0.46,0.54,,
74.9,-,molar,"InChI=1S/C16H34/c1-3-5-7-9-11-13-15-16-14-12-10-8-6-4-2/h3-16H2,1-2H3","InChI=1S/C7H8/c1-7-5-3-2-4-6-7/h2-6H,1H3",,,0.487,0.513,,
69.7,-,molar,"InChI=1S/C16H34/c1-3-5-7-9-11-13-15-16-14-12-10-8-6-4-2/h3-16H2,1-2H3","InChI=1S/C7H8/c1-7-5-3-2-4-6-7/h2-6H,1H3",,,0.59,0.41,,
83.6,-,molar,"InChI=1S/C16H34/c1-3-5-7-9-11-13-15-16-14-12-10-8-6-4-2/h3-16H2,1-2H3","InChI=1S/C7H8/c1-7-5-3-2-4-6-7/h2-6H,1H3",,,0.591,0.409,,
83.6,-,molar,"InChI=1S/C16H34/c1-3-5-7-9-11-13-15-16-14-12-10-8-6-4-2/h3-16H2,1-2H3","InChI=1S/C7H8/c1-7-5-3-2-4-6-7/h2-6H,1H3",,,0.619,0.381,,
92.7,-,molar,"InChI=1S/C16H34/c1-3-5-7-9-11-13-15-16-14-12-10-8-6-4-2/h3-16H2,1-2H3","InChI=1S/C7H8/c1-7-5-3-2-4-6-7/h2-6H,1H3",,,0.765,0.235,,
92.7,-,molar,"InChI=1S/C16H34/c1-3-5-7-9-11-13-15-16-14-12-10-8-6-4-2/h3-16H2,1-2H3","InChI=1S/C7H8/c1-7-5-3-2-4-6-7/h2-6H,1H3",,,0.786,0.214,,
98.7,-,molar,"InChI=1S/C16H34/c1-3-5-7-9-11-13-15-16-14-12-10-8-6-4-2/h3-16H2,1-2H3","InChI=1S/C7H8/c1-7-5-3-2-4-6-7/h2-6H,1H3",,,0.873,0.127,,
98.7,-,molar,"InChI=1S/C16H34/c1-3-5-7-9-11-13-15-16-14-12-10-8-6-4-2/h3-16H2,1-2H3","InChI=1S/C7H8/c1-7-5-3-2-4-6-7/h2-6H,1H3",,,0.885,0.115,,
55.8,-,molar,"InChI=1S/C16H34/c1-3-5-7-9-11-13-15-16-14-12-10-8-6-4-2/h3-16H2,1-2H3","InChI=1S/C8H18/c1-7(2)6-8(3,4)5/h7H,6H2,1-5H3","InChI=1S/C9H12/c1-7-4-8(2)6-9(3)5-7/h4-6H,1-3H3",,0.49,0.39,0.12,
45.0,-,molar,"InChI=1S/C16H34/c1-3-5-7-9-11-13-15-16-14-12-10-8-6-4-2/h3-16H2,1-2H3","InChI=1S/C8H18/c1-7(2)6-8(3,4)5/h7H,6H2,1-5H3",,,0.286,0.714,,
50.0,-,molar,"InChI=1S/C16H34/c1-3-5-7-9-11-13-15-16-14-12-10-8-6-4-2/h3-16H2,1-2H3","InChI=1S/C8H18/c1-7(2)6-8(3,4)5/h7H,6H2,1-5H3",,,0.349,0.651,,
55.0,-,molar,"InChI=1S/C16H34/c1-3-5-7-9-11-13-15-16-14-12-10-8-6-4-2/h3-16H2,1-2H3","InChI=1S/C8H18/c1-7(2)6-8(3,4)5/h7H,6H2,1-5H3",,,0.41,0.59,,
59.1,-,molar,"InChI=1S/C16H34/c1-3-5-7-9-11-13-15-16-14-12-10-8-6-4-2/h3-16H2,1-2H3","InChI=1S/C8H18/c1-7(2)6-8(3,4)5/h7H,6H2,1-5H3",,,0.459,0.541,,
65.0,-,molar,"InChI=1S/C16H34/c1-3-5-7-9-11-13-15-16-14-12-10-8-6-4-2/h3-16H2,1-2H3","InChI=1S/C8H18/c1-7(2)6-8(3,4)5/h7H,6H2,1-5H3",,,0.527,0.473,,
26.34,-,molar,"InChI=1S/C2H6O/c1-2-3/h3H,2H2,1H3","InChI=1S/C7H16/c1-3-5-7-6-4-2/h3-7H2,1-2H3","InChI=1S/C8H18/c1-7(2)6-8(3,4)5/h7H,6H2,1-5H3","InChI=1S/CH4O/c1-2/h2H,1H3",0.012,0.169,0.785,0.034
31.86,-,molar,"InChI=1S/C2H6O/c1-2-3/h3H,2H2,1H3","InChI=1S/C7H16/c1-3-5-7-6-4-2/h3-7H2,1-2H3","InChI=1S/C8H18/c1-7(2)6-8(3,4)5/h7H,6H2,1-5H3","InChI=1S/CH4O/c1-2/h2H,1H3",0.012,0.313,0.642,0.033
32.65,-,molar,"InChI=1S/C2H6O/c1-2-3/h3H,2H2,1H3","InChI=1S/C7H16/c1-3-5-7-6-4-2/h3-7H2,1-2H3","InChI=1S/C8H18/c1-7(2)6-8(3,4)5/h7H,6H2,1-5H3","InChI=1S/CH4O/c1-2/h2H,1H3",0.032,0.312,0.639,0.017
23.76,-,molar,"InChI=1S/C2H6O/c1-2-3/h3H,2H2,1H3","InChI=1S/C7H16/c1-3-5-7-6-4-2/h3-7H2,1-2H3","InChI=1S/C8H18/c1-7(2)6-8(3,4)5/h7H,6H2,1-5H3","InChI=1S/CH4O/c1-2/h2H,1H3",0.033,0.156,0.731,0.08
25.51,-,molar,"InChI=1S/C2H6O/c1-2-3/h3H,2H2,1H3","InChI=1S/C7H16/c1-3-5-7-6-4-2/h3-7H2,1-2H3","InChI=1S/C8H18/c1-7(2)6-8(3,4)5/h7H,6H2,1-5H3","InChI=1S/CH4O/c1-2/h2H,1H3",0.033,0.169,0.781,0.017
30.35,-,molar,"InChI=1S/C2H6O/c1-2-3/h3H,2H2,1H3","InChI=1S/C7H16/c1-3-5-7-6-4-2/h3-7H2,1-2H3","InChI=1S/C8H18/c1-7(2)6-8(3,4)5/h7H,6H2,1-5H3","InChI=1S/CH4O/c1-2/h2H,1H3",0.033,0.287,0.601,0.079
30.14,-,molar,"InChI=1S/C2H6O/c1-2-3/h3H,2H2,1H3","InChI=1S/C7H16/c1-3-5-7-6-4-2/h3-7H2,1-2H3","InChI=1S/C8H18/c1-7(2)6-8(3,4)5/h7H,6H2,1-5H3","InChI=1S/CH4O/c1-2/h2H,1H3",0.055,0.293,0.598,0.054
23.48,-,molar,"InChI=1S/C2H6O/c1-2-3/h3H,2H2,1H3","InChI=1S/C7H16/c1-3-5-7-6-4-2/h3-7H2,1-2H3","InChI=1S/C8H18/c1-7(2)6-8(3,4)5/h7H,6H2,1-5H3","InChI=1S/CH4O/c1-2/h2H,1H3",0.056,0.158,0.731,0.055
26.39,-,molar,"InChI=1S/C2H6O/c1-2-3/h3H,2H2,1H3","InChI=1S/C7H16/c1-3-5-7-6-4-2/h3-7H2,1-2H3","InChI=1S/C8H18/c1-7(2)6-8(3,4)5/h7H,6H2,1-5H3","InChI=1S/CH4O/c1-2/h2H,1H3",0.061,0.252,0.541,0.146
20.24,-,molar,"InChI=1S/C2H6O/c1-2-3/h3H,2H2,1H3","InChI=1S/C7H16/c1-3-5-7-6-4-2/h3-7H2,1-2H3","InChI=1S/C8H18/c1-7(2)6-8(3,4)5/h7H,6H2,1-5H3","InChI=1S/CH4O/c1-2/h2H,1H3",0.062,0.136,0.654,0.148
24.48,-,molar,"InChI=1S/C2H6O/c1-2-3/h3H,2H2,1H3","InChI=1S/C7H16/c1-3-5-7-6-4-2/h3-7H2,1-2H3","InChI=1S/C8H18/c1-7(2)6-8(3,4)5/h7H,6H2,1-5H3","InChI=1S/CH4O/c1-2/h2H,1H3",0.076,0.224,0.493,0.207
18.47,-,molar,"InChI=1S/C2H6O/c1-2-3/h3H,2H2,1H3","InChI=1S/C7H16/c1-3-5-7-6-4-2/h3-7H2,1-2H3","InChI=1S/C8H18/c1-7(2)6-8(3,4)5/h7H,6H2,1-5H3","InChI=1S/CH4O/c1-2/h2H,1H3",0.077,0.121,0.593,0.209
26.55,-,molar,"InChI=1S/C2H6O/c1-2-3/h3H,2H2,1H3","InChI=1S/C7H16/c1-3-5-7-6-4-2/h3-7H2,1-2H3","InChI=1S/C8H18/c1-7(2)6-8(3,4)5/h7H,6H2,1-5H3","InChI=1S/CH4O/c1-2/h2H,1H3",0.103,0.261,0.533,0.103
20.44,-,molar,"InChI=1S/C2H6O/c1-2-3/h3H,2H2,1H3","InChI=1S/C7H16/c1-3-5-7-6-4-2/h3-7H2,1-2H3","InChI=1S/C8H18/c1-7(2)6-8(3,4)5/h7H,6H2,1-5H3","InChI=1S/CH4O/c1-2/h2H,1H3",0.105,0.14,0.65,0.105
21.75,-,molar,"InChI=1S/C2H6O/c1-2-3/h3H,2H2,1H3","InChI=1S/C7H16/c1-3-5-7-6-4-2/h3-7H2,1-2H3","InChI=1S/C8H18/c1-7(2)6-8(3,4)5/h7H,6H2,1-5H3","InChI=1S/CH4O/c1-2/h2H,1H3",0.106,0.195,0.443,0.256
15.86,-,molar,"InChI=1S/C2H6O/c1-2-3/h3H,2H2,1H3","InChI=1S/C7H16/c1-3-5-7-6-4-2/h3-7H2,1-2H3","InChI=1S/C8H18/c1-7(2)6-8(3,4)5/h7H,6H2,1-5H3","InChI=1S/CH4O/c1-2/h2H,1H3",0.107,0.105,0.529,0.259
23.61,-,molar,"InChI=1S/C2H6O/c1-2-3/h3H,2H2,1H3","InChI=1S/C7H16/c1-3-5-7-6-4-2/h3-7H2,1-2H3","InChI=1S/C8H18/c1-7(2)6-8(3,4)5/h7H,6H2,1-5H3","InChI=1S/CH4O/c1-2/h2H,1H3",0.185,0.233,0.478,0.104
18.43,-,molar,"InChI=1S/C2H6O/c1-2-3/h3H,2H2,1H3","InChI=1S/C7H16/c1-3-5-7-6-4-2/h3-7H2,1-2H3","InChI=1S/C8H18/c1-7(2)6-8(3,4)5/h7H,6H2,1-5H3","InChI=1S/CH4O/c1-2/h2H,1H3",0.188,0.126,0.581,0.105
20.93,-,molar,"InChI=1S/C2H6O/c1-2-3/h3H,2H2,1H3","InChI=1S/C7H16/c1-3-5-7-6-4-2/h3-7H2,1-2H3","InChI=1S/C8H18/c1-7(2)6-8(3,4)5/h7H,6H2,1-5H3","InChI=1S/CH4O/c1-2/h2H,1H3",0.22,0.209,0.427,0.144
16.42,-,molar,"InChI=1S/C2H6O/c1-2-3/h3H,2H2,1H3","InChI=1S/C7H16/c1-3-5-7-6-4-2/h3-7H2,1-2H3","InChI=1S/C8H18/c1-7(2)6-8(3,4)5/h7H,6H2,1-5H3","InChI=1S/CH4O/c1-2/h2H,1H3",0.222,0.112,0.518,0.148
31.62,-,molar,"InChI=1S/C2H6O/c1-2-3/h3H,2H2,1H3","InChI=1S/C7H16/c1-3-5-7-6-4-2/h3-7H2,1-2H3","InChI=1S/C8H18/c1-7(2)6-8(3,4)5/h7H,6H2,1-5H3",,0.046,0.313,0.641,
25.42,-,molar,"InChI=1S/C2H6O/c1-2-3/h3H,2H2,1H3","InChI=1S/C7H16/c1-3-5-7-6-4-2/h3-7H2,1-2H3","InChI=1S/C8H18/c1-7(2)6-8(3,4)5/h7H,6H2,1-5H3",,0.047,0.17,0.783,
29.14,-,molar,"InChI=1S/C2H6O/c1-2-3/h3H,2H2,1H3","InChI=1S/C7H16/c1-3-5-7-6-4-2/h3-7H2,1-2H3","InChI=1S/C8H18/c1-7(2)6-8(3,4)5/h7H,6H2,1-5H3",,0.111,0.292,0.597,
23.36,-,molar,"InChI=1S/C2H6O/c1-2-3/h3H,2H2,1H3","InChI=1S/C7H16/c1-3-5-7-6-4-2/h3-7H2,1-2H3","InChI=1S/C8H18/c1-7(2)6-8(3,4)5/h7H,6H2,1-5H3",,0.113,0.158,0.729,
25.4,-,molar,"InChI=1S/C2H6O/c1-2-3/h3H,2H2,1H3","InChI=1S/C7H16/c1-3-5-7-6-4-2/h3-7H2,1-2H3","InChI=1S/C8H18/c1-7(2)6-8(3,4)5/h7H,6H2,1-5H3",,0.209,0.259,0.532,
20.55,-,molar,"InChI=1S/C2H6O/c1-2-3/h3H,2H2,1H3","InChI=1S/C7H16/c1-3-5-7-6-4-2/h3-7H2,1-2H3","InChI=1S/C8H18/c1-7(2)6-8(3,4)5/h7H,6H2,1-5H3",,0.212,0.14,0.648,
22.76,-,molar,"InChI=1S/C2H6O/c1-2-3/h3H,2H2,1H3","InChI=1S/C7H16/c1-3-5-7-6-4-2/h3-7H2,1-2H3","InChI=1S/C8H18/c1-7(2)6-8(3,4)5/h7H,6H2,1-5H3",,0.296,0.231,0.473,
17.98,-,molar,"InChI=1S/C2H6O/c1-2-3/h3H,2H2,1H3","InChI=1S/C7H16/c1-3-5-7-6-4-2/h3-7H2,1-2H3","InChI=1S/C8H18/c1-7(2)6-8(3,4)5/h7H,6H2,1-5H3",,0.3,0.125,0.575,
19.82,-,molar,"InChI=1S/C2H6O/c1-2-3/h3H,2H2,1H3","InChI=1S/C7H16/c1-3-5-7-6-4-2/h3-7H2,1-2H3","InChI=1S/C8H18/c1-7(2)6-8(3,4)5/h7H,6H2,1-5H3",,0.373,0.206,0.421,
15.4,-,molar,"InChI=1S/C2H6O/c1-2-3/h3H,2H2,1H3","InChI=1S/C7H16/c1-3-5-7-6-4-2/h3-7H2,1-2H3","InChI=1S/C8H18/c1-7(2)6-8(3,4)5/h7H,6H2,1-5H3",,0.377,0.111,0.512,
97.7,-,molar,"InChI=1S/C3H8O/c1-2-3-4/h4H,2-3H2,1H3","InChI=1S/C4H10O/c1-3-5-4-2/h3-4H2,1-2H3",,,0.152,0.848,,
67.9,-,molar,"InChI=1S/C3H8O/c1-2-3-4/h4H,2-3H2,1H3","InChI=1S/C4H10O/c1-3-5-4-2/h3-4H2,1-2H3",,,0.287,0.713,,
56.6,-,molar,"InChI=1S/C3H8O/c1-2-3-4/h4H,2-3H2,1H3","InChI=1S/C4H10O/c1-3-5-4-2/h3-4H2,1-2H3",,,0.349,0.651,,
48.9,-,molar,"InChI=1S/C3H8O/c1-2-3-4/h4H,2-3H2,1H3","InChI=1S/C4H10O/c1-3-5-4-2/h3-4H2,1-2H3",,,0.408,0.592,,
35.5,-,molar,"InChI=1S/C3H8O/c1-2-3-4/h4H,2-3H2,1H3","InChI=1S/C4H10O/c1-3-5-4-2/h3-4H2,1-2H3",,,0.518,0.482,,
23.8,-,molar,"InChI=1S/C3H8O/c1-2-3-4/h4H,2-3H2,1H3","InChI=1S/C4H10O/c1-3-5-4-2/h3-4H2,1-2H3",,,0.617,0.383,,
16.9,-,molar,"InChI=1S/C3H8O/c1-2-3-4/h4H,2-3H2,1H3","InChI=1S/C4H10O/c1-3-5-4-2/h3-4H2,1-2H3",,,0.707,0.293,,
11.0,-,molar,"InChI=1S/C3H8O/c1-2-3-4/h4H,2-3H2,1H3","InChI=1S/C4H10O/c1-3-5-4-2/h3-4H2,1-2H3",,,0.749,0.251,,
10.5,-,molar,"InChI=1S/C3H8O/c1-2-3-4/h4H,2-3H2,1H3","InChI=1S/C4H10O/c1-3-5-4-2/h3-4H2,1-2H3",,,0.79,0.21,,
9.2,-,molar,"InChI=1S/C3H8O/c1-2-3-4/h4H,2-3H2,1H3","InChI=1S/C4H10O/c1-3-5-4-2/h3-4H2,1-2H3",,,0.828,0.172,,
8.2,-,molar,"InChI=1S/C3H8O/c1-2-3-4/h4H,2-3H2,1H3","InChI=1S/C4H10O/c1-3-5-4-2/h3-4H2,1-2H3",,,0.866,0.134,,
7.8,-,molar,"InChI=1S/C3H8O/c1-2-3-4/h4H,2-3H2,1H3","InChI=1S/C4H10O/c1-3-5-4-2/h3-4H2,1-2H3",,,0.935,0.065,,
33.5,-,molar,"InChI=1S/C3H8O/c1-2-3-4/h4H,2-3H2,1H3","InChI=1S/C7H16/c1-3-5-7-6-4-2/h3-7H2,1-2H3","InChI=1S/C8H18/c1-7(2)6-8(3,4)5/h7H,6H2,1-5H3",,0.086,0.394,0.52,
28.8,-,molar,"InChI=1S/C3H8O/c1-2-3-4/h4H,2-3H2,1H3","InChI=1S/C7H16/c1-3-5-7-6-4-2/h3-7H2,1-2H3","InChI=1S/C8H18/c1-7(2)6-8(3,4)5/h7H,6H2,1-5H3",,0.088,0.299,0.613,
23.5,-,molar,"InChI=1S/C3H8O/c1-2-3-4/h4H,2-3H2,1H3","InChI=1S/C7H16/c1-3-5-7-6-4-2/h3-7H2,1-2H3","InChI=1S/C8H18/c1-7(2)6-8(3,4)5/h7H,6H2,1-5H3",,0.089,0.162,0.749,
30.1,-,molar,"InChI=1S/C3H8O/c1-2-3-4/h4H,2-3H2,1H3","InChI=1S/C7H16/c1-3-5-7-6-4-2/h3-7H2,1-2H3","InChI=1S/C8H18/c1-7(2)6-8(3,4)5/h7H,6H2,1-5H3",,0.167,0.36,0.473,
26.1,-,molar,"InChI=1S/C3H8O/c1-2-3-4/h4H,2-3H2,1H3","InChI=1S/C7H16/c1-3-5-7-6-4-2/h3-7H2,1-2H3","InChI=1S/C8H18/c1-7(2)6-8(3,4)5/h7H,6H2,1-5H3",,0.168,0.273,0.559,
21.4,-,molar,"InChI=1S/C3H8O/c1-2-3-4/h4H,2-3H2,1H3","InChI=1S/C7H16/c1-3-5-7-6-4-2/h3-7H2,1-2H3","InChI=1S/C8H18/c1-7(2)6-8(3,4)5/h7H,6H2,1-5H3",,0.171,0.148,0.681,
25.0,-,molar,"InChI=1S/C3H8O/c1-2-3-4/h4H,2-3H2,1H3","InChI=1S/C7H16/c1-3-5-7-6-4-2/h3-7H2,1-2H3","InChI=1S/C8H18/c1-7(2)6-8(3,4)5/h7H,6H2,1-5H3",,0.241,0.328,0.431,
24.34,-,molar,"InChI=1S/C3H8O/c1-2-3-4/h4H,2-3H2,1H3","InChI=1S/C7H16/c1-3-5-7-6-4-2/h3-7H2,1-2H3","InChI=1S/C8H18/c1-7(2)6-8(3,4)5/h7H,6H2,1-5H3",,0.243,0.248,0.509,
18.91,-,molar,"InChI=1S/C3H8O/c1-2-3-4/h4H,2-3H2,1H3","InChI=1S/C7H16/c1-3-5-7-6-4-2/h3-7H2,1-2H3","InChI=1S/C8H18/c1-7(2)6-8(3,4)5/h7H,6H2,1-5H3",,0.247,0.134,0.619,
20.4,-,molar,"InChI=1S/C3H8O/c1-2-3-4/h4H,2-3H2,1H3","InChI=1S/C7H16/c1-3-5-7-6-4-2/h3-7H2,1-2H3","InChI=1S/C8H18/c1-7(2)6-8(3,4)5/h7H,6H2,1-5H3",,0.31,0.298,0.392,
21.7,-,molar,"InChI=1S/C3H8O/c1-2-3-4/h4H,2-3H2,1H3","InChI=1S/C7H16/c1-3-5-7-6-4-2/h3-7H2,1-2H3","InChI=1S/C8H18/c1-7(2)6-8(3,4)5/h7H,6H2,1-5H3",,0.313,0.225,0.462,
17.3,-,molar,"InChI=1S/C3H8O/c1-2-3-4/h4H,2-3H2,1H3","InChI=1S/C7H16/c1-3-5-7-6-4-2/h3-7H2,1-2H3","InChI=1S/C8H18/c1-7(2)6-8(3,4)5/h7H,6H2,1-5H3",,0.317,0.122,0.561,
16.2,-,molar,"InChI=1S/C3H8O/c1-2-3-4/h4H,2-3H2,1H3","InChI=1S/C7H16/c1-3-5-7-6-4-2/h3-7H2,1-2H3","InChI=1S/C8H18/c1-7(2)6-8(3,4)5/h7H,6H2,1-5H3",,0.435,0.244,0.321,
17.8,-,molar,"InChI=1S/C3H8O/c1-2-3-4/h4H,2-3H2,1H3","InChI=1S/C7H16/c1-3-5-7-6-4-2/h3-7H2,1-2H3","InChI=1S/C8H18/c1-7(2)6-8(3,4)5/h7H,6H2,1-5H3",,0.439,0.184,0.377,
13.7,-,molar,"InChI=1S/C3H8O/c1-2-3-4/h4H,2-3H2,1H3","InChI=1S/C7H16/c1-3-5-7-6-4-2/h3-7H2,1-2H3","InChI=1S/C8H18/c1-7(2)6-8(3,4)5/h7H,6H2,1-5H3",,0.443,0.099,0.458,
13.7,-,molar,"InChI=1S/C3H8O/c1-2-3-4/h4H,2-3H2,1H3","InChI=1S/C7H16/c1-3-5-7-6-4-2/h3-7H2,1-2H3","InChI=1S/C8H18/c1-7(2)6-8(3,4)5/h7H,6H2,1-5H3",,0.643,0.154,0.203,
11.85,-,molar,"InChI=1S/C3H8O/c1-2-3-4/h4H,2-3H2,1H3","InChI=1S/C7H16/c1-3-5-7-6-4-2/h3-7H2,1-2H3","InChI=1S/C8H18/c1-7(2)6-8(3,4)5/h7H,6H2,1-5H3",,0.646,0.116,0.238,
9.27,-,molar,"InChI=1S/C3H8O/c1-2-3-4/h4H,2-3H2,1H3","InChI=1S/C7H16/c1-3-5-7-6-4-2/h3-7H2,1-2H3","InChI=1S/C8H18/c1-7(2)6-8(3,4)5/h7H,6H2,1-5H3",,0.65,0.062,0.288,
9.2,-,molar,"InChI=1S/C3H8O/c1-2-3-4/h4H,2-3H2,1H3","InChI=1S/C7H16/c1-3-5-7-6-4-2/h3-7H2,1-2H3","InChI=1S/C8H18/c1-7(2)6-8(3,4)5/h7H,6H2,1-5H3",,0.808,0.083,0.109,
8.49,-,molar,"InChI=1S/C3H8O/c1-2-3-4/h4H,2-3H2,1H3","InChI=1S/C7H16/c1-3-5-7-6-4-2/h3-7H2,1-2H3","InChI=1S/C8H18/c1-7(2)6-8(3,4)5/h7H,6H2,1-5H3",,0.81,0.062,0.128,
8.4,-,molar,"InChI=1S/C3H8O/c1-2-3-4/h4H,2-3H2,1H3","InChI=1S/C7H16/c1-3-5-7-6-4-2/h3-7H2,1-2H3","InChI=1S/C8H18/c1-7(2)6-8(3,4)5/h7H,6H2,1-5H3",,0.813,0.033,0.154,
101.9,-,molar,"InChI=1S/C4H10O/c1-2-3-4-5/h5H,2-4H2,1H3","InChI=1S/C4H10O/c1-3-5-4-2/h3-4H2,1-2H3",,,0.1,0.9,,
71.9,-,molar,"InChI=1S/C4H10O/c1-2-3-4-5/h5H,2-4H2,1H3","InChI=1S/C4H10O/c1-3-5-4-2/h3-4H2,1-2H3",,,0.2,0.8,,
30.4,-,molar,"InChI=1S/C4H10O/c1-2-3-4-5/h5H,2-4H2,1H3","InChI=1S/C7H16/c1-3-5-7-6-4-2/h3-7H2,1-2H3","InChI=1S/C7H8/c1-7-5-3-2-4-6-7/h2-6H,1H3","InChI=1S/C8H18/c1-7(2)6-8(3,4)5/h7H,6H2,1-5H3",0.068,0.354,0.26,0.318
28.8,-,molar,"InChI=1S/C4H10O/c1-2-3-4-5/h5H,2-4H2,1H3","InChI=1S/C7H16/c1-3-5-7-6-4-2/h3-7H2,1-2H3","InChI=1S/C7H8/c1-7-5-3-2-4-6-7/h2-6H,1H3","InChI=1S/C8H18/c1-7(2)6-8(3,4)5/h7H,6H2,1-5H3",0.133,0.329,0.242,0.296
25.7,-,molar,"InChI=1S/C4H10O/c1-2-3-4-5/h5H,2-4H2,1H3","InChI=1S/C7H16/c1-3-5-7-6-4-2/h3-7H2,1-2H3","InChI=1S/C7H8/c1-7-5-3-2-4-6-7/h2-6H,1H3","InChI=1S/C8H18/c1-7(2)6-8(3,4)5/h7H,6H2,1-5H3",0.257,0.282,0.207,0.254
33.8,-,molar,"InChI=1S/C4H10O/c1-2-3-4-5/h5H,2-4H2,1H3","InChI=1S/C7H16/c1-3-5-7-6-4-2/h3-7H2,1-2H3","InChI=1S/C8H18/c1-7(2)6-8(3,4)5/h7H,6H2,1-5H3",,0.071,0.401,0.528,
29.5,-,molar,"InChI=1S/C4H10O/c1-2-3-4-5/h5H,2-4H2,1H3","InChI=1S/C7H16/c1-3-5-7-6-4-2/h3-7H2,1-2H3","InChI=1S/C8H18/c1-7(2)6-8(3,4)5/h7H,6H2,1-5H3",,0.072,0.304,0.624,
23.9,-,molar,"InChI=1S/C4H10O/c1-2-3-4-5/h5H,2-4H2,1H3","InChI=1S/C7H16/c1-3-5-7-6-4-2/h3-7H2,1-2H3","InChI=1S/C8H18/c1-7(2)6-8(3,4)5/h7H,6H2,1-5H3",,0.073,0.165,0.762,
32.0,-,molar,"InChI=1S/C4H10O/c1-2-3-4-5/h5H,2-4H2,1H3","InChI=1S/C7H16/c1-3-5-7-6-4-2/h3-7H2,1-2H3","InChI=1S/C8H18/c1-7(2)6-8(3,4)5/h7H,6H2,1-5H3",,0.139,0.371,0.49,
27.21,-,molar,"InChI=1S/C4H10O/c1-2-3-4-5/h5H,2-4H2,1H3","InChI=1S/C7H16/c1-3-5-7-6-4-2/h3-7H2,1-2H3","InChI=1S/C8H18/c1-7(2)6-8(3,4)5/h7H,6H2,1-5H3",,0.141,0.282,0.577,
22.81,-,molar,"InChI=1S/C4H10O/c1-2-3-4-5/h5H,2-4H2,1H3","InChI=1S/C7H16/c1-3-5-7-6-4-2/h3-7H2,1-2H3","InChI=1S/C8H18/c1-7(2)6-8(3,4)5/h7H,6H2,1-5H3",,0.143,0.153,0.704,
26.55,-,molar,"InChI=1S/C4H10O/c1-2-3-4-5/h5H,2-4H2,1H3","InChI=1S/C7H16/c1-3-5-7-6-4-2/h3-7H2,1-2H3","InChI=1S/C8H18/c1-7(2)6-8(3,4)5/h7H,6H2,1-5H3",,0.207,0.26,0.533,
21.25,-,molar,"InChI=1S/C4H10O/c1-2-3-4-5/h5H,2-4H2,1H3","InChI=1S/C7H16/c1-3-5-7-6-4-2/h3-7H2,1-2H3","InChI=1S/C8H18/c1-7(2)6-8(3,4)5/h7H,6H2,1-5H3",,0.21,0.141,0.649,
28.4,-,molar,"InChI=1S/C4H10O/c1-2-3-4-5/h5H,2-4H2,1H3","InChI=1S/C7H16/c1-3-5-7-6-4-2/h3-7H2,1-2H3","InChI=1S/C8H18/c1-7(2)6-8(3,4)5/h7H,6H2,1-5H3",,0.267,0.316,0.417,
24.5,-,molar,"InChI=1S/C4H10O/c1-2-3-4-5/h5H,2-4H2,1H3","InChI=1S/C7H16/c1-3-5-7-6-4-2/h3-7H2,1-2H3","InChI=1S/C8H18/c1-7(2)6-8(3,4)5/h7H,6H2,1-5H3",,0.27,0.24,0.49,
20.21,-,molar,"InChI=1S/C4H10O/c1-2-3-4-5/h5H,2-4H2,1H3","InChI=1S/C7H16/c1-3-5-7-6-4-2/h3-7H2,1-2H3","InChI=1S/C8H18/c1-7(2)6-8(3,4)5/h7H,6H2,1-5H3",,0.274,0.13,0.596,
24.9,-,molar,"InChI=1S/C4H10O/c1-2-3-4-5/h5H,2-4H2,1H3","InChI=1S/C7H16/c1-3-5-7-6-4-2/h3-7H2,1-2H3","InChI=1S/C8H18/c1-7(2)6-8(3,4)5/h7H,6H2,1-5H3",,0.385,0.266,0.349,
21.3,-,molar,"InChI=1S/C4H10O/c1-2-3-4-5/h5H,2-4H2,1H3","InChI=1S/C7H16/c1-3-5-7-6-4-2/h3-7H2,1-2H3","InChI=1S/C8H18/c1-7(2)6-8(3,4)5/h7H,6H2,1-5H3",,0.388,0.201,0.411,
17.96,-,molar,"InChI=1S/C4H10O/c1-2-3-4-5/h5H,2-4H2,1H3","InChI=1S/C7H16/c1-3-5-7-6-4-2/h3-7H2,1-2H3","InChI=1S/C8H18/c1-7(2)6-8(3,4)5/h7H,6H2,1-5H3",,0.392,0.108,0.5,
19.4,-,molar,"InChI=1S/C4H10O/c1-2-3-4-5/h5H,2-4H2,1H3","InChI=1S/C7H16/c1-3-5-7-6-4-2/h3-7H2,1-2H3","InChI=1S/C8H18/c1-7(2)6-8(3,4)5/h7H,6H2,1-5H3",,0.593,0.176,0.231,
17.1,-,molar,"InChI=1S/C4H10O/c1-2-3-4-5/h5H,2-4H2,1H3","InChI=1S/C7H16/c1-3-5-7-6-4-2/h3-7H2,1-2H3","InChI=1S/C8H18/c1-7(2)6-8(3,4)5/h7H,6H2,1-5H3",,0.596,0.132,0.272,
15.17,-,molar,"InChI=1S/C4H10O/c1-2-3-4-5/h5H,2-4H2,1H3","InChI=1S/C7H16/c1-3-5-7-6-4-2/h3-7H2,1-2H3","InChI=1S/C8H18/c1-7(2)6-8(3,4)5/h7H,6H2,1-5H3",,0.601,0.071,0.328,
15.1,-,molar,"InChI=1S/C4H10O/c1-2-3-4-5/h5H,2-4H2,1H3","InChI=1S/C7H16/c1-3-5-7-6-4-2/h3-7H2,1-2H3","InChI=1S/C8H18/c1-7(2)6-8(3,4)5/h7H,6H2,1-5H3",,0.773,0.098,0.129,
14.0,-,molar,"InChI=1S/C4H10O/c1-2-3-4-5/h5H,2-4H2,1H3","InChI=1S/C7H16/c1-3-5-7-6-4-2/h3-7H2,1-2H3","InChI=1S/C8H18/c1-7(2)6-8(3,4)5/h7H,6H2,1-5H3",,0.775,0.074,0.151,
13.09,-,molar,"InChI=1S/C4H10O/c1-2-3-4-5/h5H,2-4H2,1H3","InChI=1S/C7H16/c1-3-5-7-6-4-2/h3-7H2,1-2H3","InChI=1S/C8H18/c1-7(2)6-8(3,4)5/h7H,6H2,1-5H3",,0.778,0.039,0.183,
84.8,-,molar,"InChI=1S/C4H10O/c1-2-3-4-5/h5H,2-4H2,1H3","InChI=1S/C8H18O/c1-3-5-7-9-8-6-4-2/h3-8H2,1-2H3",,,0.09,0.91,,
76.8,-,molar,"InChI=1S/C4H10O/c1-2-3-4-5/h5H,2-4H2,1H3","InChI=1S/C8H18O/c1-3-5-7-9-8-6-4-2/h3-8H2,1-2H3",,,0.17,0.83,,
46.5,-,molar,"InChI=1S/C4H10O/c1-2-3-4-5/h5H,2-4H2,1H3","InChI=1S/C8H18O/c1-3-5-7-9-8-6-4-2/h3-8H2,1-2H3",,,0.55,0.45,,
28.9,-,molar,"InChI=1S/C4H10O/c1-2-3-4-5/h5H,2-4H2,1H3","InChI=1S/C8H18O/c1-3-5-7-9-8-6-4-2/h3-8H2,1-2H3",,,0.73,0.27,,
16.1,-,molar,"InChI=1S/C4H10O/c1-2-3-4-5/h5H,2-4H2,1H3","InChI=1S/C8H18O/c1-3-5-7-9-8-6-4-2/h3-8H2,1-2H3",,,0.88,0.12,,
62.2,-,molar,"InChI=1S/C4H10O/c1-3-5-4-2/h3-4H2,1-2H3","InChI=1S/C7H16/c1-3-5-7-6-4-2/h3-7H2,1-2H3",,,0.311,0.689,,
79.4,-,molar,"InChI=1S/C4H10O/c1-3-5-4-2/h3-4H2,1-2H3","InChI=1S/C7H16/c1-3-5-7-6-4-2/h3-7H2,1-2H3",,,0.575,0.425,,
106.2,-,molar,"InChI=1S/C4H10O/c1-3-5-4-2/h3-4H2,1-2H3","InChI=1S/C7H16/c1-3-5-7-6-4-2/h3-7H2,1-2H3",,,0.802,0.198,,
66.6,-,molar,"InChI=1S/C4H10O/c1-3-5-4-2/h3-4H2,1-2H3","InChI=1S/C8H18/c1-7(2)6-8(3,4)5/h7H,6H2,1-5H3",,,0.339,0.661,,
93.4,-,molar,"InChI=1S/C4H10O/c1-3-5-4-2/h3-4H2,1-2H3","InChI=1S/C8H18/c1-7(2)6-8(3,4)5/h7H,6H2,1-5H3",,,0.606,0.394,,
44.3,-,molar,"InChI=1S/C4H10O/c1-3-5-4-2/h3-4H2,1-2H3","InChI=1S/C8H18/c1-7(2)6-8(3,4)5/h7H,6H2,1-5H3",,,0.822,0.178,,
11.1,-,molar,"InChI=1S/C4H10O/c1-3-5-4-2/h3-4H2,1-2H3","InChI=1S/CH4O/c1-2/h2H,1H3",,,0.223,0.777,,
20.2,-,molar,"InChI=1S/C4H10O/c1-3-5-4-2/h3-4H2,1-2H3","InChI=1S/CH4O/c1-2/h2H,1H3",,,0.302,0.698,,
66.1,-,molar,"InChI=1S/C4H10O/c1-3-5-4-2/h3-4H2,1-2H3","InChI=1S/CH4O/c1-2/h2H,1H3",,,0.633,0.367,,
97.2,-,molar,"InChI=1S/C4H10O/c1-3-5-4-2/h3-4H2,1-2H3","InChI=1S/CH4O/c1-2/h2H,1H3",,,0.795,0.205,,
29.02,-,molar,InChI=1S/C5H10/c1-2-4-5-3-1/h1-5H2,"InChI=1S/C7H16/c1-3-5-7-6-4-2/h3-7H2,1-2H3","InChI=1S/C7H8/c1-7-5-3-2-4-6-7/h2-6H,1H3","InChI=1S/C8H18/c1-7(2)6-8(3,4)5/h7H,6H2,1-5H3",0.136,0.356,0.361,0.147
20.12,-,molar,InChI=1S/C5H10/c1-2-4-5-3-1/h1-5H2,"InChI=1S/C7H16/c1-3-5-7-6-4-2/h3-7H2,1-2H3","InChI=1S/C7H8/c1-7-5-3-2-4-6-7/h2-6H,1H3","InChI=1S/C8H18/c1-7(2)6-8(3,4)5/h7H,6H2,1-5H3",0.139,0.151,0.37,0.34
28.99,-,molar,InChI=1S/C5H10/c1-2-4-5-3-1/h1-5H2,"InChI=1S/C7H16/c1-3-5-7-6-4-2/h3-7H2,1-2H3","InChI=1S/C7H8/c1-7-5-3-2-4-6-7/h2-6H,1H3","InChI=1S/C8H18/c1-7(2)6-8(3,4)5/h7H,6H2,1-5H3",0.146,0.327,0.195,0.332
19.51,-,molar,InChI=1S/C5H10/c1-2-4-5-3-1/h1-5H2,"InChI=1S/C7H16/c1-3-5-7-6-4-2/h3-7H2,1-2H3","InChI=1S/C7H8/c1-7-5-3-2-4-6-7/h2-6H,1H3","InChI=1S/C8H18/c1-7(2)6-8(3,4)5/h7H,6H2,1-5H3",0.15,0.124,0.199,0.527
26.19,-,molar,InChI=1S/C5H10/c1-2-4-5-3-1/h1-5H2,"InChI=1S/C7H16/c1-3-5-7-6-4-2/h3-7H2,1-2H3","InChI=1S/C7H8/c1-7-5-3-2-4-6-7/h2-6H,1H3","InChI=1S/C8H18/c1-7(2)6-8(3,4)5/h7H,6H2,1-5H3",0.257,0.352,0.341,0.05
18.05,-,molar,InChI=1S/C5H10/c1-2-4-5-3-1/h1-5H2,"InChI=1S/C7H16/c1-3-5-7-6-4-2/h3-7H2,1-2H3","InChI=1S/C7H8/c1-7-5-3-2-4-6-7/h2-6H,1H3","InChI=1S/C8H18/c1-7(2)6-8(3,4)5/h7H,6H2,1-5H3",0.263,0.151,0.349,0.237
26.42,-,molar,InChI=1S/C5H10/c1-2-4-5-3-1/h1-5H2,"InChI=1S/C7H16/c1-3-5-7-6-4-2/h3-7H2,1-2H3","InChI=1S/C7H8/c1-7-5-3-2-4-6-7/h2-6H,1H3","InChI=1S/C8H18/c1-7(2)6-8(3,4)5/h7H,6H2,1-5H3",0.275,0.325,0.182,0.218
17.83,-,molar,InChI=1S/C5H10/c1-2-4-5-3-1/h1-5H2,"InChI=1S/C7H16/c1-3-5-7-6-4-2/h3-7H2,1-2H3","InChI=1S/C7H8/c1-7-5-3-2-4-6-7/h2-6H,1H3","InChI=1S/C8H18/c1-7(2)6-8(3,4)5/h7H,6H2,1-5H3",0.281,0.126,0.187,0.406
28.48,-,molar,InChI=1S/C5H10/c1-2-4-5-3-1/h1-5H2,"InChI=1S/C7H16/c1-3-5-7-6-4-2/h3-7H2,1-2H3","InChI=1S/C8H18/c1-7(2)6-8(3,4)5/h7H,6H2,1-5H3",,0.159,0.293,0.548,
19.45,-,molar,InChI=1S/C5H10/c1-2-4-5-3-1/h1-5H2,"InChI=1S/C7H16/c1-3-5-7-6-4-2/h3-7H2,1-2H3","InChI=1S/C8H18/c1-7(2)6-8(3,4)5/h7H,6H2,1-5H3",,0.162,0.093,0.745,
25.34,-,molar,InChI=1S/C5H10/c1-2-4-5-3-1/h1-5H2,"InChI=1S/C7H16/c1-3-5-7-6-4-2/h3-7H2,1-2H3","InChI=1S/C8H18/c1-7(2)6-8(3,4)5/h7H,6H2,1-5H3",,0.296,0.293,0.411,
17.0,-,molar,InChI=1S/C5H10/c1-2-4-5-3-1/h1-5H2,"InChI=1S/C7H16/c1-3-5-7-6-4-2/h3-7H2,1-2H3","InChI=1S/C8H18/c1-7(2)6-8(3,4)5/h7H,6H2,1-5H3",,0.303,0.087,0.61,
29.5,-,molar,"InChI=1S/C5H12O/c1-3-5(2)4-6/h5-6H,3-4H2,1-2H3","InChI=1S/C7H16/c1-3-5-7-6-4-2/h3-7H2,1-2H3","InChI=1S/C7H8/c1-7-5-3-2-4-6-7/h2-6H,1H3","InChI=1S/C8H18/c1-7(2)6-8(3,4)5/h7H,6H2,1-5H3",0.058,0.357,0.263,0.322
27.7,-,molar,"InChI=1S/C5H12O/c1-3-5(2)4-6/h5-6H,3-4H2,1-2H3","InChI=1S/C7H16/c1-3-5-7-6-4-2/h3-7H2,1-2H3","InChI=1S/C7H8/c1-7-5-3-2-4-6-7/h2-6H,1H3","InChI=1S/C8H18/c1-7(2)6-8(3,4)5/h7H,6H2,1-5H3",0.115,0.336,0.247,0.302
25.4,-,molar,"InChI=1S/C5H12O/c1-3-5(2)4-6/h5-6H,3-4H2,1-2H3","InChI=1S/C7H16/c1-3-5-7-6-4-2/h3-7H2,1-2H3","InChI=1S/C7H8/c1-7-5-3-2-4-6-7/h2-6H,1H3","InChI=1S/C8H18/c1-7(2)6-8(3,4)5/h7H,6H2,1-5H3",0.226,0.294,0.216,0.264
29.2,-,molar,"InChI=1S/C5H12O/c1-3-5(2)4-6/h5-6H,3-4H2,1-2H3","InChI=1S/C7H16/c1-3-5-7-6-4-2/h3-7H2,1-2H3","InChI=1S/C8H18/c1-7(2)6-8(3,4)5/h7H,6H2,1-5H3",,0.061,0.308,0.631,
23.6,-,molar,"InChI=1S/C5H12O/c1-3-5(2)4-6/h5-6H,3-4H2,1-2H3","InChI=1S/C7H16/c1-3-5-7-6-4-2/h3-7H2,1-2H3","InChI=1S/C8H18/c1-7(2)6-8(3,4)5/h7H,6H2,1-5H3",,0.062,0.167,0.771,
28.1,-,molar,"InChI=1S/C5H12O/c1-3-5(2)4-6/h5-6H,3-4H2,1-2H3","InChI=1S/C7H16/c1-3-5-7-6-4-2/h3-7H2,1-2H3","InChI=1S/C8H18/c1-7(2)6-8(3,4)5/h7H,6H2,1-5H3",,0.121,0.288,0.591,
21.9,-,molar,"InChI=1S/C5H12O/c1-3-5(2)4-6/h5-6H,3-4H2,1-2H3","InChI=1S/C7H16/c1-3-5-7-6-4-2/h3-7H2,1-2H3","InChI=1S/C8H18/c1-7(2)6-8(3,4)5/h7H,6H2,1-5H3",,0.123,0.156,0.721,
24.9,-,molar,"InChI=1S/C5H12O/c1-3-5(2)4-6/h5-6H,3-4H2,1-2H3","InChI=1S/C7H16/c1-3-5-7-6-4-2/h3-7H2,1-2H3","InChI=1S/C8H18/c1-7(2)6-8(3,4)5/h7H,6H2,1-5H3",,0.237,0.25,0.513,
18.9,-,molar,"InChI=1S/C5H12O/c1-3-5(2)4-6/h5-6H,3-4H2,1-2H3","InChI=1S/C7H16/c1-3-5-7-6-4-2/h3-7H2,1-2H3","InChI=1S/C8H18/c1-7(2)6-8(3,4)5/h7H,6H2,1-5H3",,0.24,0.135,0.625,
18.12,-,molar,InChI=1S/C6H12/c1-2-4-6-5-3-1/h1-6H2,"InChI=1S/C8H18/c1-7(2)6-8(3,4)5/h7H,6H2,1-5H3",,,0.131,0.869,,
18.12,-,molar,InChI=1S/C6H12/c1-2-4-6-5-3-1/h1-6H2,"InChI=1S/C8H18/c1-7(2)6-8(3,4)5/h7H,6H2,1-5H3",,,0.145,0.855,,
16.2,-,molar,InChI=1S/C6H12/c1-2-4-6-5-3-1/h1-6H2,"InChI=1S/C8H18/c1-7(2)6-8(3,4)5/h7H,6H2,1-5H3",,,0.15,0.85,,
18.2,-,molar,InChI=1S/C6H12/c1-2-4-6-5-3-1/h1-6H2,"InChI=1S/C8H18/c1-7(2)6-8(3,4)5/h7H,6H2,1-5H3",,,0.253,0.747,,
18.2,-,molar,InChI=1S/C6H12/c1-2-4-6-5-3-1/h1-6H2,"InChI=1S/C8H18/c1-7(2)6-8(3,4)5/h7H,6H2,1-5H3",,,0.276,0.724,,
16.3,-,molar,InChI=1S/C6H12/c1-2-4-6-5-3-1/h1-6H2,"InChI=1S/C8H18/c1-7(2)6-8(3,4)5/h7H,6H2,1-5H3",,,0.28,0.72,,
18.28,-,molar,InChI=1S/C6H12/c1-2-4-6-5-3-1/h1-6H2,"InChI=1S/C8H18/c1-7(2)6-8(3,4)5/h7H,6H2,1-5H3",,,0.368,0.632,,
18.28,-,molar,InChI=1S/C6H12/c1-2-4-6-5-3-1/h1-6H2,"InChI=1S/C8H18/c1-7(2)6-8(3,4)5/h7H,6H2,1-5H3",,,0.396,0.604,,
16.4,-,molar,InChI=1S/C6H12/c1-2-4-6-5-3-1/h1-6H2,"InChI=1S/C8H18/c1-7(2)6-8(3,4)5/h7H,6H2,1-5H3",,,0.4,0.6,,
18.34,-,molar,InChI=1S/C6H12/c1-2-4-6-5-3-1/h1-6H2,"InChI=1S/C8H18/c1-7(2)6-8(3,4)5/h7H,6H2,1-5H3",,,0.475,0.525,,
18.34,-,molar,InChI=1S/C6H12/c1-2-4-6-5-3-1/h1-6H2,"InChI=1S/C8H18/c1-7(2)6-8(3,4)5/h7H,6H2,1-5H3",,,0.504,0.496,,
16.5,-,molar,InChI=1S/C6H12/c1-2-4-6-5-3-1/h1-6H2,"InChI=1S/C8H18/c1-7(2)6-8(3,4)5/h7H,6H2,1-5H3",,,0.51,0.49,,
18.43,-,molar,InChI=1S/C6H12/c1-2-4-6-5-3-1/h1-6H2,"InChI=1S/C8H18/c1-7(2)6-8(3,4)5/h7H,6H2,1-5H3",,,0.576,0.424,,
18.43,-,molar,InChI=1S/C6H12/c1-2-4-6-5-3-1/h1-6H2,"InChI=1S/C8H18/c1-7(2)6-8(3,4)5/h7H,6H2,1-5H3",,,0.604,0.396,,
16.6,-,molar,InChI=1S/C6H12/c1-2-4-6-5-3-1/h1-6H2,"InChI=1S/C8H18/c1-7(2)6-8(3,4)5/h7H,6H2,1-5H3",,,0.61,0.39,,
18.69,-,molar,InChI=1S/C6H12/c1-2-4-6-5-3-1/h1-6H2,"InChI=1S/C8H18/c1-7(2)6-8(3,4)5/h7H,6H2,1-5H3",,,0.671,0.329,,
18.69,-,molar,InChI=1S/C6H12/c1-2-4-6-5-3-1/h1-6H2,"InChI=1S/C8H18/c1-7(2)6-8(3,4)5/h7H,6H2,1-5H3",,,0.696,0.304,,
16.9,-,molar,InChI=1S/C6H12/c1-2-4-6-5-3-1/h1-6H2,"InChI=1S/C8H18/c1-7(2)6-8(3,4)5/h7H,6H2,1-5H3",,,0.7,0.3,,
19.04,-,molar,InChI=1S/C6H12/c1-2-4-6-5-3-1/h1-6H2,"InChI=1S/C8H18/c1-7(2)6-8(3,4)5/h7H,6H2,1-5H3",,,0.76,0.24,,
17.3,-,molar,InChI=1S/C6H12/c1-2-4-6-5-3-1/h1-6H2,"InChI=1S/C8H18/c1-7(2)6-8(3,4)5/h7H,6H2,1-5H3",,,0.78,0.22,,
19.04,-,molar,InChI=1S/C6H12/c1-2-4-6-5-3-1/h1-6H2,"InChI=1S/C8H18/c1-7(2)6-8(3,4)5/h7H,6H2,1-5H3",,,0.781,0.219,,
19.45,-,molar,InChI=1S/C6H12/c1-2-4-6-5-3-1/h1-6H2,"InChI=1S/C8H18/c1-7(2)6-8(3,4)5/h7H,6H2,1-5H3",,,0.844,0.156,,
19.45,-,molar,InChI=1S/C6H12/c1-2-4-6-5-3-1/h1-6H2,"InChI=1S/C8H18/c1-7(2)6-8(3,4)5/h7H,6H2,1-5H3",,,0.859,0.141,,
17.7,-,molar,InChI=1S/C6H12/c1-2-4-6-5-3-1/h1-6H2,"InChI=1S/C8H18/c1-7(2)6-8(3,4)5/h7H,6H2,1-5H3",,,0.86,0.14,,
19.68,-,molar,InChI=1S/C6H12/c1-2-4-6-5-3-1/h1-6H2,"InChI=1S/C8H18/c1-7(2)6-8(3,4)5/h7H,6H2,1-5H3",,,0.924,0.076,,
18.0,-,molar,InChI=1S/C6H12/c1-2-4-6-5-3-1/h1-6H2,"InChI=1S/C8H18/c1-7(2)6-8(3,4)5/h7H,6H2,1-5H3",,,0.93,0.07,,
19.68,-,molar,InChI=1S/C6H12/c1-2-4-6-5-3-1/h1-6H2,"InChI=1S/C8H18/c1-7(2)6-8(3,4)5/h7H,6H2,1-5H3",,,0.932,0.068,,
20.9,-,molar,"InChI=1S/C6H12/c1-3-5-6-4-2/h3H,1,4-6H2,2H3","InChI=1S/C7H16/c1-3-5-7-6-4-2/h3-7H2,1-2H3","InChI=1S/C7H8/c1-7-5-3-2-4-6-7/h2-6H,1H3","InChI=1S/C8H18/c1-7(2)6-8(3,4)5/h7H,6H2,1-5H3",0.083,0.128,0.408,0.381
31.05,-,molar,"InChI=1S/C6H12/c1-3-5-6-4-2/h3H,1,4-6H2,2H3","InChI=1S/C7H16/c1-3-5-7-6-4-2/h3-7H2,1-2H3","InChI=1S/C7H8/c1-7-5-3-2-4-6-7/h2-6H,1H3","InChI=1S/C8H18/c1-7(2)6-8(3,4)5/h7H,6H2,1-5H3",0.106,0.334,0.376,0.184
30.92,-,molar,"InChI=1S/C6H12/c1-3-5-6-4-2/h3H,1,4-6H2,2H3","InChI=1S/C7H16/c1-3-5-7-6-4-2/h3-7H2,1-2H3","InChI=1S/C7H8/c1-7-5-3-2-4-6-7/h2-6H,1H3","InChI=1S/C8H18/c1-7(2)6-8(3,4)5/h7H,6H2,1-5H3",0.114,0.302,0.203,0.381
21.6,-,molar,"InChI=1S/C6H12/c1-3-5-6-4-2/h3H,1,4-6H2,2H3","InChI=1S/C7H16/c1-3-5-7-6-4-2/h3-7H2,1-2H3","InChI=1S/C7H8/c1-7-5-3-2-4-6-7/h2-6H,1H3","InChI=1S/C8H18/c1-7(2)6-8(3,4)5/h7H,6H2,1-5H3",0.117,0.1,0.208,0.575
30.57,-,molar,"InChI=1S/C6H12/c1-3-5-6-4-2/h3H,1,4-6H2,2H3","InChI=1S/C7H16/c1-3-5-7-6-4-2/h3-7H2,1-2H3","InChI=1S/C7H8/c1-7-5-3-2-4-6-7/h2-6H,1H3","InChI=1S/C8H18/c1-7(2)6-8(3,4)5/h7H,6H2,1-5H3",0.207,0.309,0.367,0.117
21.1,-,molar,"InChI=1S/C6H12/c1-3-5-6-4-2/h3H,1,4-6H2,2H3","InChI=1S/C7H16/c1-3-5-7-6-4-2/h3-7H2,1-2H3","InChI=1S/C7H8/c1-7-5-3-2-4-6-7/h2-6H,1H3","InChI=1S/C8H18/c1-7(2)6-8(3,4)5/h7H,6H2,1-5H3",0.212,0.094,0.381,0.313
29.98,-,molar,"InChI=1S/C6H12/c1-3-5-6-4-2/h3H,1,4-6H2,2H3","InChI=1S/C7H16/c1-3-5-7-6-4-2/h3-7H2,1-2H3","InChI=1S/C7H8/c1-7-5-3-2-4-6-7/h2-6H,1H3","InChI=1S/C8H18/c1-7(2)6-8(3,4)5/h7H,6H2,1-5H3",0.223,0.276,0.198,0.303
21.1,-,molar,"InChI=1S/C6H12/c1-3-5-6-4-2/h3H,1,4-6H2,2H3","InChI=1S/C7H16/c1-3-5-7-6-4-2/h3-7H2,1-2H3","InChI=1S/C7H8/c1-7-5-3-2-4-6-7/h2-6H,1H3","InChI=1S/C8H18/c1-7(2)6-8(3,4)5/h7H,6H2,1-5H3",0.228,0.068,0.203,0.501
30.97,-,molar,"InChI=1S/C6H12/c1-3-5-6-4-2/h3H,1,4-6H2,2H3","InChI=1S/C7H16/c1-3-5-7-6-4-2/h3-7H2,1-2H3","InChI=1S/C8H18/c1-7(2)6-8(3,4)5/h7H,6H2,1-5H3",,0.124,0.265,0.611,
21.3,-,molar,"InChI=1S/C6H12/c1-3-5-6-4-2/h3H,1,4-6H2,2H3","InChI=1S/C7H16/c1-3-5-7-6-4-2/h3-7H2,1-2H3","InChI=1S/C8H18/c1-7(2)6-8(3,4)5/h7H,6H2,1-5H3",,0.132,0.053,0.815,
21.34,-,molar,"InChI=1S/C6H12/c1-3-5-6-4-2/h3H,1,4-6H2,2H3","InChI=1S/C7H16/c1-3-5-7-6-4-2/h3-7H2,1-2H3","InChI=1S/C8H18/c1-7(2)6-8(3,4)5/h7H,6H2,1-5H3",,0.133,0.056,0.811,
29.14,-,molar,"InChI=1S/C6H12/c1-3-5-6-4-2/h3H,1,4-6H2,2H3","InChI=1S/C7H16/c1-3-5-7-6-4-2/h3-7H2,1-2H3","InChI=1S/C8H18/c1-7(2)6-8(3,4)5/h7H,6H2,1-5H3",,0.241,0.237,0.522,
21.1,-,molar,"InChI=1S/C6H12/c1-3-5-6-4-2/h3H,1,4-6H2,2H3","InChI=1S/C7H16/c1-3-5-7-6-4-2/h3-7H2,1-2H3","InChI=1S/C8H18/c1-7(2)6-8(3,4)5/h7H,6H2,1-5H3",,0.247,0.032,0.721,
21.07,-,molar,"InChI=1S/C6H12/c1-3-5-6-4-2/h3H,1,4-6H2,2H3","InChI=1S/C7H16/c1-3-5-7-6-4-2/h3-7H2,1-2H3","InChI=1S/C8H18/c1-7(2)6-8(3,4)5/h7H,6H2,1-5H3",,0.252,0.032,0.716,
21.02,-,molar,"InChI=1S/C6H12/c1-3-5-6-4-2/h3H,1,4-6H2,2H3","InChI=1S/C8H18/c1-7(2)6-8(3,4)5/h7H,6H2,1-5H3",,,0.128,0.872,,
19.53,-,molar,"InChI=1S/C6H12/c1-3-5-6-4-2/h3H,1,4-6H2,2H3","InChI=1S/C8H18/c1-7(2)6-8(3,4)5/h7H,6H2,1-5H3",,,0.13,0.87,,
21.02,-,molar,"InChI=1S/C6H12/c1-3-5-6-4-2/h3H,1,4-6H2,2H3","InChI=1S/C8H18/c1-7(2)6-8(3,4)5/h7H,6H2,1-5H3",,,0.131,0.869,,
21.17,-,molar,"InChI=1S/C6H12/c1-3-5-6-4-2/h3H,1,4-6H2,2H3","InChI=1S/C8H18/c1-7(2)6-8(3,4)5/h7H,6H2,1-5H3",,,0.248,0.752,,
19.7,-,molar,"InChI=1S/C6H12/c1-3-5-6-4-2/h3H,1,4-6H2,2H3","InChI=1S/C8H18/c1-7(2)6-8(3,4)5/h7H,6H2,1-5H3",,,0.25,0.75,,
21.17,-,molar,"InChI=1S/C6H12/c1-3-5-6-4-2/h3H,1,4-6H2,2H3","InChI=1S/C8H18/c1-7(2)6-8(3,4)5/h7H,6H2,1-5H3",,,0.253,0.747,,
21.7,-,molar,"InChI=1S/C6H12/c1-3-5-6-4-2/h3H,1,4-6H2,2H3","InChI=1S/C8H18/c1-7(2)6-8(3,4)5/h7H,6H2,1-5H3",,,0.36,0.64,,
22.9,-,molar,"InChI=1S/C6H12/c1-3-5-6-4-2/h3H,1,4-6H2,2H3","InChI=1S/C8H18/c1-7(2)6-8(3,4)5/h7H,6H2,1-5H3",,,0.361,0.639,,
22.9,-,molar,"InChI=1S/C6H12/c1-3-5-6-4-2/h3H,1,4-6H2,2H3","InChI=1S/C8H18/c1-7(2)6-8(3,4)5/h7H,6H2,1-5H3",,,0.368,0.632,,
24.02,-,molar,"InChI=1S/C6H12/c1-3-5-6-4-2/h3H,1,4-6H2,2H3","InChI=1S/C8H18/c1-7(2)6-8(3,4)5/h7H,6H2,1-5H3",,,0.469,0.531,,
23.0,-,molar,"InChI=1S/C6H12/c1-3-5-6-4-2/h3H,1,4-6H2,2H3","InChI=1S/C8H18/c1-7(2)6-8(3,4)5/h7H,6H2,1-5H3",,,0.47,0.53,,
24.02,-,molar,"InChI=1S/C6H12/c1-3-5-6-4-2/h3H,1,4-6H2,2H3","InChI=1S/C8H18/c1-7(2)6-8(3,4)5/h7H,6H2,1-5H3",,,0.475,0.525,,
24.51,-,molar,"InChI=1S/C6H12/c1-3-5-6-4-2/h3H,1,4-6H2,2H3","InChI=1S/C8H18/c1-7(2)6-8(3,4)5/h7H,6H2,1-5H3",,,0.569,0.431,,
23.6,-,molar,"InChI=1S/C6H12/c1-3-5-6-4-2/h3H,1,4-6H2,2H3","InChI=1S/C8H18/c1-7(2)6-8(3,4)5/h7H,6H2,1-5H3",,,0.57,0.43,,
24.51,-,molar,"InChI=1S/C6H12/c1-3-5-6-4-2/h3H,1,4-6H2,2H3","InChI=1S/C8H18/c1-7(2)6-8(3,4)5/h7H,6H2,1-5H3",,,0.576,0.424,,
25.34,-,molar,"InChI=1S/C6H12/c1-3-5-6-4-2/h3H,1,4-6H2,2H3","InChI=1S/C8H18/c1-7(2)6-8(3,4)5/h7H,6H2,1-5H3",,,0.664,0.336,,
24.6,-,molar,"InChI=1S/C6H12/c1-3-5-6-4-2/h3H,1,4-6H2,2H3","InChI=1S/C8H18/c1-7(2)6-8(3,4)5/h7H,6H2,1-5H3",,,0.67,0.33,,
25.34,-,molar,"InChI=1S/C6H12/c1-3-5-6-4-2/h3H,1,4-6H2,2H3","InChI=1S/C8H18/c1-7(2)6-8(3,4)5/h7H,6H2,1-5H3",,,0.671,0.329,,
26.5,-,molar,"InChI=1S/C6H12/c1-3-5-6-4-2/h3H,1,4-6H2,2H3","InChI=1S/C8H18/c1-7(2)6-8(3,4)5/h7H,6H2,1-5H3",,,0.755,0.245,,
26.2,-,molar,"InChI=1S/C6H12/c1-3-5-6-4-2/h3H,1,4-6H2,2H3","InChI=1S/C8H18/c1-7(2)6-8(3,4)5/h7H,6H2,1-5H3",,,0.76,0.24,,
26.8,-,molar,"InChI=1S/C6H12/c1-3-5-6-4-2/h3H,1,4-6H2,2H3","InChI=1S/C8H18/c1-7(2)6-8(3,4)5/h7H,6H2,1-5H3",,,0.84,0.16,,
21.2,-,molar,"InChI=1S/C6H12/c1-3-5-6-4-2/h3H,1,4-6H2,2H3","InChI=1S/C8H18/c1-7(2)6-8(3,4)5/h7H,6H2,1-5H3",,,0.841,0.159,,
27.2,-,molar,"InChI=1S/C6H12/c1-3-5-6-4-2/h3H,1,4-6H2,2H3","InChI=1S/C8H18/c1-7(2)6-8(3,4)5/h7H,6H2,1-5H3",,,0.844,0.156,,
27.9,-,molar,"InChI=1S/C6H12/c1-3-5-6-4-2/h3H,1,4-6H2,2H3","InChI=1S/C8H18/c1-7(2)6-8(3,4)5/h7H,6H2,1-5H3",,,0.92,0.08,,
28.2,-,molar,"InChI=1S/C6H12/c1-3-5-6-4-2/h3H,1,4-6H2,2H3","InChI=1S/C8H18/c1-7(2)6-8(3,4)5/h7H,6H2,1-5H3",,,0.922,0.078,,
28.2,-,molar,"InChI=1S/C6H12/c1-3-5-6-4-2/h3H,1,4-6H2,2H3","InChI=1S/C8H18/c1-7(2)6-8(3,4)5/h7H,6H2,1-5H3",,,0.924,0.076,,
15.6,-,molar,"InChI=1S/C7H16/c1-3-5-7-6-4-2/h3-7H2,1-2H3","InChI=1S/C7H8/c1-7-5-3-2-4-6-7/h2-6H,1H3","InChI=1S/C8H18/c1-7(2)6-8(3,4)5/h7H,6H2,1-5H3",,0.067,0.398,0.535,
13.5,-,molar,"InChI=1S/C7H16/c1-3-5-7-6-4-2/h3-7H2,1-2H3","InChI=1S/C7H8/c1-7-5-3-2-4-6-7/h2-6H,1H3","InChI=1S/C8H18/c1-7(2)6-8(3,4)5/h7H,6H2,1-5H3",,0.07,0.39,0.54,
15.6,-,molar,"InChI=1S/C7H16/c1-3-5-7-6-4-2/h3-7H2,1-2H3","InChI=1S/C7H8/c1-7-5-3-2-4-6-7/h2-6H,1H3","InChI=1S/C8H18/c1-7(2)6-8(3,4)5/h7H,6H2,1-5H3",,0.074,0.344,0.582,
18.3,-,molar,"InChI=1S/C7H16/c1-3-5-7-6-4-2/h3-7H2,1-2H3","InChI=1S/C7H8/c1-7-5-3-2-4-6-7/h2-6H,1H3","InChI=1S/C8H18/c1-7(2)6-8(3,4)5/h7H,6H2,1-5H3",,0.08,0.278,0.642,
16.4,-,molar,"InChI=1S/C7H16/c1-3-5-7-6-4-2/h3-7H2,1-2H3","InChI=1S/C7H8/c1-7-5-3-2-4-6-7/h2-6H,1H3","InChI=1S/C8H18/c1-7(2)6-8(3,4)5/h7H,6H2,1-5H3",,0.08,0.28,0.64,
18.3,-,molar,"InChI=1S/C7H16/c1-3-5-7-6-4-2/h3-7H2,1-2H3","InChI=1S/C7H8/c1-7-5-3-2-4-6-7/h2-6H,1H3","InChI=1S/C8H18/c1-7(2)6-8(3,4)5/h7H,6H2,1-5H3",,0.086,0.234,0.68,
21.1,-,molar,"InChI=1S/C7H16/c1-3-5-7-6-4-2/h3-7H2,1-2H3","InChI=1S/C7H8/c1-7-5-3-2-4-6-7/h2-6H,1H3","InChI=1S/C8H18/c1-7(2)6-8(3,4)5/h7H,6H2,1-5H3",,0.095,0.146,0.759,
21.1,-,molar,"InChI=1S/C7H16/c1-3-5-7-6-4-2/h3-7H2,1-2H3","InChI=1S/C7H8/c1-7-5-3-2-4-6-7/h2-6H,1H3","InChI=1S/C8H18/c1-7(2)6-8(3,4)5/h7H,6H2,1-5H3",,0.099,0.12,0.781,
19.6,-,molar,"InChI=1S/C7H16/c1-3-5-7-6-4-2/h3-7H2,1-2H3","InChI=1S/C7H8/c1-7-5-3-2-4-6-7/h2-6H,1H3","InChI=1S/C8H18/c1-7(2)6-8(3,4)5/h7H,6H2,1-5H3",,0.1,0.14,0.76,
16.5,-,molar,"InChI=1S/C7H16/c1-3-5-7-6-4-2/h3-7H2,1-2H3","InChI=1S/C7H8/c1-7-5-3-2-4-6-7/h2-6H,1H3","InChI=1S/C8H18/c1-7(2)6-8(3,4)5/h7H,6H2,1-5H3",,0.109,0.504,0.387,
14.5,-,molar,"InChI=1S/C7H16/c1-3-5-7-6-4-2/h3-7H2,1-2H3","InChI=1S/C7H8/c1-7-5-3-2-4-6-7/h2-6H,1H3","InChI=1S/C8H18/c1-7(2)6-8(3,4)5/h7H,6H2,1-5H3",,0.11,0.5,0.39,
16.5,-,molar,"InChI=1S/C7H16/c1-3-5-7-6-4-2/h3-7H2,1-2H3","InChI=1S/C7H8/c1-7-5-3-2-4-6-7/h2-6H,1H3","InChI=1S/C8H18/c1-7(2)6-8(3,4)5/h7H,6H2,1-5H3",,0.123,0.445,0.432,
21.8,-,molar,"InChI=1S/C7H16/c1-3-5-7-6-4-2/h3-7H2,1-2H3","InChI=1S/C7H8/c1-7-5-3-2-4-6-7/h2-6H,1H3","InChI=1S/C8H18/c1-7(2)6-8(3,4)5/h7H,6H2,1-5H3",,0.128,0.213,0.659,
18.1,-,molar,"InChI=1S/C7H16/c1-3-5-7-6-4-2/h3-7H2,1-2H3","InChI=1S/C7H8/c1-7-5-3-2-4-6-7/h2-6H,1H3","InChI=1S/C8H18/c1-7(2)6-8(3,4)5/h7H,6H2,1-5H3",,0.13,0.4,0.47,
19.8,-,molar,"InChI=1S/C7H16/c1-3-5-7-6-4-2/h3-7H2,1-2H3","InChI=1S/C7H8/c1-7-5-3-2-4-6-7/h2-6H,1H3","InChI=1S/C8H18/c1-7(2)6-8(3,4)5/h7H,6H2,1-5H3",,0.133,0.395,0.472,
21.8,-,molar,"InChI=1S/C7H16/c1-3-5-7-6-4-2/h3-7H2,1-2H3","InChI=1S/C7H8/c1-7-5-3-2-4-6-7/h2-6H,1H3","InChI=1S/C8H18/c1-7(2)6-8(3,4)5/h7H,6H2,1-5H3",,0.135,0.176,0.689,
19.8,-,molar,"InChI=1S/C7H16/c1-3-5-7-6-4-2/h3-7H2,1-2H3","InChI=1S/C7H8/c1-7-5-3-2-4-6-7/h2-6H,1H3","InChI=1S/C8H18/c1-7(2)6-8(3,4)5/h7H,6H2,1-5H3",,0.146,0.341,0.513,
22.8,-,molar,"InChI=1S/C7H16/c1-3-5-7-6-4-2/h3-7H2,1-2H3","InChI=1S/C7H8/c1-7-5-3-2-4-6-7/h2-6H,1H3","InChI=1S/C8H18/c1-7(2)6-8(3,4)5/h7H,6H2,1-5H3",,0.159,0.276,0.565,
21.6,-,molar,"InChI=1S/C7H16/c1-3-5-7-6-4-2/h3-7H2,1-2H3","InChI=1S/C7H8/c1-7-5-3-2-4-6-7/h2-6H,1H3","InChI=1S/C8H18/c1-7(2)6-8(3,4)5/h7H,6H2,1-5H3",,0.16,0.27,0.57,
18.3,-,molar,"InChI=1S/C7H16/c1-3-5-7-6-4-2/h3-7H2,1-2H3","InChI=1S/C7H8/c1-7-5-3-2-4-6-7/h2-6H,1H3","InChI=1S/C8H18/c1-7(2)6-8(3,4)5/h7H,6H2,1-5H3",,0.16,0.5,0.34,
19.9,-,molar,"InChI=1S/C7H16/c1-3-5-7-6-4-2/h3-7H2,1-2H3","InChI=1S/C7H8/c1-7-5-3-2-4-6-7/h2-6H,1H3","InChI=1S/C8H18/c1-7(2)6-8(3,4)5/h7H,6H2,1-5H3",,0.163,0.501,0.336,
21.6,-,molar,"InChI=1S/C7H16/c1-3-5-7-6-4-2/h3-7H2,1-2H3","InChI=1S/C7H8/c1-7-5-3-2-4-6-7/h2-6H,1H3","InChI=1S/C8H18/c1-7(2)6-8(3,4)5/h7H,6H2,1-5H3",,0.166,0.394,0.44,
22.8,-,molar,"InChI=1S/C7H16/c1-3-5-7-6-4-2/h3-7H2,1-2H3","InChI=1S/C7H8/c1-7-5-3-2-4-6-7/h2-6H,1H3","InChI=1S/C8H18/c1-7(2)6-8(3,4)5/h7H,6H2,1-5H3",,0.17,0.232,0.598,
21.6,-,molar,"InChI=1S/C7H16/c1-3-5-7-6-4-2/h3-7H2,1-2H3","InChI=1S/C7H8/c1-7-5-3-2-4-6-7/h2-6H,1H3","InChI=1S/C8H18/c1-7(2)6-8(3,4)5/h7H,6H2,1-5H3",,0.182,0.339,0.479,
19.9,-,molar,"InChI=1S/C7H16/c1-3-5-7-6-4-2/h3-7H2,1-2H3","InChI=1S/C7H8/c1-7-5-3-2-4-6-7/h2-6H,1H3","InChI=1S/C8H18/c1-7(2)6-8(3,4)5/h7H,6H2,1-5H3",,0.183,0.442,0.375,
25.4,-,molar,"InChI=1S/C7H16/c1-3-5-7-6-4-2/h3-7H2,1-2H3","InChI=1S/C7H8/c1-7-5-3-2-4-6-7/h2-6H,1H3","InChI=1S/C8H18/c1-7(2)6-8(3,4)5/h7H,6H2,1-5H3",,0.188,0.145,0.667,
24.6,-,molar,"InChI=1S/C7H16/c1-3-5-7-6-4-2/h3-7H2,1-2H3","InChI=1S/C7H8/c1-7-5-3-2-4-6-7/h2-6H,1H3","InChI=1S/C8H18/c1-7(2)6-8(3,4)5/h7H,6H2,1-5H3",,0.19,0.14,0.67,
25.4,-,molar,"InChI=1S/C7H16/c1-3-5-7-6-4-2/h3-7H2,1-2H3","InChI=1S/C7H8/c1-7-5-3-2-4-6-7/h2-6H,1H3","InChI=1S/C8H18/c1-7(2)6-8(3,4)5/h7H,6H2,1-5H3",,0.195,0.118,0.687,
23.7,-,molar,"InChI=1S/C7H16/c1-3-5-7-6-4-2/h3-7H2,1-2H3","InChI=1S/C7H8/c1-7-5-3-2-4-6-7/h2-6H,1H3","InChI=1S/C8H18/c1-7(2)6-8(3,4)5/h7H,6H2,1-5H3",,0.198,0.392,0.41,
22.6,-,molar,"InChI=1S/C7H16/c1-3-5-7-6-4-2/h3-7H2,1-2H3","InChI=1S/C7H8/c1-7-5-3-2-4-6-7/h2-6H,1H3","InChI=1S/C8H18/c1-7(2)6-8(3,4)5/h7H,6H2,1-5H3",,0.2,0.39,0.41,
22.7,-,molar,"InChI=1S/C7H16/c1-3-5-7-6-4-2/h3-7H2,1-2H3","InChI=1S/C7H8/c1-7-5-3-2-4-6-7/h2-6H,1H3","InChI=1S/C8H18/c1-7(2)6-8(3,4)5/h7H,6H2,1-5H3",,0.215,0.498,0.287,
23.7,-,molar,"InChI=1S/C7H16/c1-3-5-7-6-4-2/h3-7H2,1-2H3","InChI=1S/C7H8/c1-7-5-3-2-4-6-7/h2-6H,1H3","InChI=1S/C8H18/c1-7(2)6-8(3,4)5/h7H,6H2,1-5H3",,0.217,0.338,0.445,
21.5,-,molar,"InChI=1S/C7H16/c1-3-5-7-6-4-2/h3-7H2,1-2H3","InChI=1S/C7H8/c1-7-5-3-2-4-6-7/h2-6H,1H3","InChI=1S/C8H18/c1-7(2)6-8(3,4)5/h7H,6H2,1-5H3",,0.22,0.49,0.29,
26.3,-,molar,"InChI=1S/C7H16/c1-3-5-7-6-4-2/h3-7H2,1-2H3","InChI=1S/C7H8/c1-7-5-3-2-4-6-7/h2-6H,1H3","InChI=1S/C8H18/c1-7(2)6-8(3,4)5/h7H,6H2,1-5H3",,0.236,0.274,0.49,
25.7,-,molar,"InChI=1S/C7H16/c1-3-5-7-6-4-2/h3-7H2,1-2H3","InChI=1S/C7H8/c1-7-5-3-2-4-6-7/h2-6H,1H3","InChI=1S/C8H18/c1-7(2)6-8(3,4)5/h7H,6H2,1-5H3",,0.24,0.27,0.49,
22.7,-,molar,"InChI=1S/C7H16/c1-3-5-7-6-4-2/h3-7H2,1-2H3","InChI=1S/C7H8/c1-7-5-3-2-4-6-7/h2-6H,1H3","InChI=1S/C8H18/c1-7(2)6-8(3,4)5/h7H,6H2,1-5H3",,0.242,0.439,0.319,
26.3,-,molar,"InChI=1S/C7H16/c1-3-5-7-6-4-2/h3-7H2,1-2H3","InChI=1S/C7H8/c1-7-5-3-2-4-6-7/h2-6H,1H3","InChI=1S/C8H18/c1-7(2)6-8(3,4)5/h7H,6H2,1-5H3",,0.253,0.229,0.518,
25.6,-,molar,"InChI=1S/C7H16/c1-3-5-7-6-4-2/h3-7H2,1-2H3","InChI=1S/C7H8/c1-7-5-3-2-4-6-7/h2-6H,1H3","InChI=1S/C8H18/c1-7(2)6-8(3,4)5/h7H,6H2,1-5H3",,0.26,0.39,0.35,
26.2,-,molar,"InChI=1S/C7H16/c1-3-5-7-6-4-2/h3-7H2,1-2H3","InChI=1S/C7H8/c1-7-5-3-2-4-6-7/h2-6H,1H3","InChI=1S/C8H18/c1-7(2)6-8(3,4)5/h7H,6H2,1-5H3",,0.262,0.389,0.349,
28.9,-,molar,"InChI=1S/C7H16/c1-3-5-7-6-4-2/h3-7H2,1-2H3","InChI=1S/C7H8/c1-7-5-3-2-4-6-7/h2-6H,1H3","InChI=1S/C8H18/c1-7(2)6-8(3,4)5/h7H,6H2,1-5H3",,0.279,0.143,0.578,
28.7,-,molar,"InChI=1S/C7H16/c1-3-5-7-6-4-2/h3-7H2,1-2H3","InChI=1S/C7H8/c1-7-5-3-2-4-6-7/h2-6H,1H3","InChI=1S/C8H18/c1-7(2)6-8(3,4)5/h7H,6H2,1-5H3",,0.28,0.14,0.58,
26.2,-,molar,"InChI=1S/C7H16/c1-3-5-7-6-4-2/h3-7H2,1-2H3","InChI=1S/C7H8/c1-7-5-3-2-4-6-7/h2-6H,1H3","InChI=1S/C8H18/c1-7(2)6-8(3,4)5/h7H,6H2,1-5H3",,0.287,0.335,0.378,
28.9,-,molar,"InChI=1S/C7H16/c1-3-5-7-6-4-2/h3-7H2,1-2H3","InChI=1S/C7H8/c1-7-5-3-2-4-6-7/h2-6H,1H3","InChI=1S/C8H18/c1-7(2)6-8(3,4)5/h7H,6H2,1-5H3",,0.29,0.117,0.593,
29.0,-,molar,"InChI=1S/C7H16/c1-3-5-7-6-4-2/h3-7H2,1-2H3","InChI=1S/C7H8/c1-7-5-3-2-4-6-7/h2-6H,1H3","InChI=1S/C8H18/c1-7(2)6-8(3,4)5/h7H,6H2,1-5H3",,0.31,0.27,0.42,
29.1,-,molar,"InChI=1S/C7H16/c1-3-5-7-6-4-2/h3-7H2,1-2H3","InChI=1S/C7H8/c1-7-5-3-2-4-6-7/h2-6H,1H3","InChI=1S/C8H18/c1-7(2)6-8(3,4)5/h7H,6H2,1-5H3",,0.313,0.271,0.416,
33.24,-,molar,"InChI=1S/C7H16/c1-3-5-7-6-4-2/h3-7H2,1-2H3","InChI=1S/C7H8/c1-7-5-3-2-4-6-7/h2-6H,1H3","InChI=1S/C8H18/c1-7(2)6-8(3,4)5/h7H,6H2,1-5H3",,0.33,0.208,0.462,
29.1,-,molar,"InChI=1S/C7H16/c1-3-5-7-6-4-2/h3-7H2,1-2H3","InChI=1S/C7H8/c1-7-5-3-2-4-6-7/h2-6H,1H3","InChI=1S/C8H18/c1-7(2)6-8(3,4)5/h7H,6H2,1-5H3",,0.334,0.227,0.439,
32.2,-,molar,"InChI=1S/C7H16/c1-3-5-7-6-4-2/h3-7H2,1-2H3","InChI=1S/C7H8/c1-7-5-3-2-4-6-7/h2-6H,1H3","InChI=1S/C8H18/c1-7(2)6-8(3,4)5/h7H,6H2,1-5H3",,0.368,0.142,0.49,
32.47,-,molar,"InChI=1S/C7H16/c1-3-5-7-6-4-2/h3-7H2,1-2H3","InChI=1S/C7H8/c1-7-5-3-2-4-6-7/h2-6H,1H3","InChI=1S/C8H18/c1-7(2)6-8(3,4)5/h7H,6H2,1-5H3",,0.369,0.389,0.242,
32.6,-,molar,"InChI=1S/C7H16/c1-3-5-7-6-4-2/h3-7H2,1-2H3","InChI=1S/C7H8/c1-7-5-3-2-4-6-7/h2-6H,1H3","InChI=1S/C8H18/c1-7(2)6-8(3,4)5/h7H,6H2,1-5H3",,0.37,0.14,0.49,
32.2,-,molar,"InChI=1S/C7H16/c1-3-5-7-6-4-2/h3-7H2,1-2H3","InChI=1S/C7H8/c1-7-5-3-2-4-6-7/h2-6H,1H3","InChI=1S/C8H18/c1-7(2)6-8(3,4)5/h7H,6H2,1-5H3",,0.382,0.115,0.503,
19.8,-,molar,"InChI=1S/C7H16/c1-3-5-7-6-4-2/h3-7H2,1-2H3","InChI=1S/C7H8/c1-7-5-3-2-4-6-7/h2-6H,1H3",,,0.236,0.764,,
18.1,-,molar,"InChI=1S/C7H16/c1-3-5-7-6-4-2/h3-7H2,1-2H3","InChI=1S/C7H8/c1-7-5-3-2-4-6-7/h2-6H,1H3",,,0.24,0.76,,
22.3,-,molar,"InChI=1S/C7H16/c1-3-5-7-6-4-2/h3-7H2,1-2H3","InChI=1S/C7H8/c1-7-5-3-2-4-6-7/h2-6H,1H3",,,0.28,0.72,,
19.8,-,molar,"InChI=1S/C7H16/c1-3-5-7-6-4-2/h3-7H2,1-2H3","InChI=1S/C7H8/c1-7-5-3-2-4-6-7/h2-6H,1H3",,,0.283,0.717,,
25.8,-,molar,"InChI=1S/C7H16/c1-3-5-7-6-4-2/h3-7H2,1-2H3","InChI=1S/C7H8/c1-7-5-3-2-4-6-7/h2-6H,1H3",,,0.325,0.675,,
25.1,-,molar,"InChI=1S/C7H16/c1-3-5-7-6-4-2/h3-7H2,1-2H3","InChI=1S/C7H8/c1-7-5-3-2-4-6-7/h2-6H,1H3",,,0.33,0.67,,
22.9,-,molar,"InChI=1S/C7H16/c1-3-5-7-6-4-2/h3-7H2,1-2H3","InChI=1S/C7H8/c1-7-5-3-2-4-6-7/h2-6H,1H3",,,0.331,0.669,,
28.0,-,molar,"InChI=1S/C7H16/c1-3-5-7-6-4-2/h3-7H2,1-2H3","InChI=1S/C7H8/c1-7-5-3-2-4-6-7/h2-6H,1H3",,,0.37,0.63,,
28.3,-,molar,"InChI=1S/C7H16/c1-3-5-7-6-4-2/h3-7H2,1-2H3","InChI=1S/C7H8/c1-7-5-3-2-4-6-7/h2-6H,1H3",,,0.371,0.629,,
25.8,-,molar,"InChI=1S/C7H16/c1-3-5-7-6-4-2/h3-7H2,1-2H3","InChI=1S/C7H8/c1-7-5-3-2-4-6-7/h2-6H,1H3",,,0.38,0.62,,
31.0,-,molar,"InChI=1S/C7H16/c1-3-5-7-6-4-2/h3-7H2,1-2H3","InChI=1S/C7H8/c1-7-5-3-2-4-6-7/h2-6H,1H3",,,0.419,0.581,,
31.2,-,molar,"InChI=1S/C7H16/c1-3-5-7-6-4-2/h3-7H2,1-2H3","InChI=1S/C7H8/c1-7-5-3-2-4-6-7/h2-6H,1H3",,,0.42,0.58,,
28.3,-,molar,"InChI=1S/C7H16/c1-3-5-7-6-4-2/h3-7H2,1-2H3","InChI=1S/C7H8/c1-7-5-3-2-4-6-7/h2-6H,1H3",,,0.429,0.571,,
34.1,-,molar,"InChI=1S/C7H16/c1-3-5-7-6-4-2/h3-7H2,1-2H3","InChI=1S/C7H8/c1-7-5-3-2-4-6-7/h2-6H,1H3",,,0.468,0.532,,
34.7,-,molar,"InChI=1S/C7H16/c1-3-5-7-6-4-2/h3-7H2,1-2H3","InChI=1S/C7H8/c1-7-5-3-2-4-6-7/h2-6H,1H3",,,0.47,0.53,,
31.0,-,molar,"InChI=1S/C7H16/c1-3-5-7-6-4-2/h3-7H2,1-2H3","InChI=1S/C7H8/c1-7-5-3-2-4-6-7/h2-6H,1H3",,,0.479,0.521,,
36.7,-,molar,"InChI=1S/C7H16/c1-3-5-7-6-4-2/h3-7H2,1-2H3","InChI=1S/C7H8/c1-7-5-3-2-4-6-7/h2-6H,1H3",,,0.519,0.481,,
37.7,-,molar,"InChI=1S/C7H16/c1-3-5-7-6-4-2/h3-7H2,1-2H3","InChI=1S/C7H8/c1-7-5-3-2-4-6-7/h2-6H,1H3",,,0.52,0.48,,
34.1,-,molar,"InChI=1S/C7H16/c1-3-5-7-6-4-2/h3-7H2,1-2H3","InChI=1S/C7H8/c1-7-5-3-2-4-6-7/h2-6H,1H3",,,0.529,0.471,,
37.3,-,molar,"InChI=1S/C7H16/c1-3-5-7-6-4-2/h3-7H2,1-2H3","InChI=1S/C7H8/c1-7-5-3-2-4-6-7/h2-6H,1H3",,,0.53,0.47,,
36.7,-,molar,"InChI=1S/C7H16/c1-3-5-7-6-4-2/h3-7H2,1-2H3","InChI=1S/C7H8/c1-7-5-3-2-4-6-7/h2-6H,1H3",,,0.58,0.42,,
21.2,-,molar,"InChI=1S/C7H16/c1-3-5-7-6-4-2/h3-7H2,1-2H3","InChI=1S/C8H14/c1-7(2)5-6-8(3)4/h5-6H,1-4H3",,,0.19,0.81,,
28.0,-,molar,"InChI=1S/C7H16/c1-3-5-7-6-4-2/h3-7H2,1-2H3","InChI=1S/C8H14/c1-7(2)5-6-8(3)4/h5-6H,1-4H3",,,0.4,0.6,,
29.0,-,molar,"InChI=1S/C7H16/c1-3-5-7-6-4-2/h3-7H2,1-2H3","InChI=1S/C8H14/c1-7(2)5-6-8(3)4/h5-6H,1-4H3",,,0.49,0.51,,
33.6,-,molar,"InChI=1S/C7H16/c1-3-5-7-6-4-2/h3-7H2,1-2H3","InChI=1S/C8H14/c1-7(2)5-6-8(3)4/h5-6H,1-4H3",,,0.59,0.41,,
44.2,-,molar,"InChI=1S/C7H16/c1-3-5-7-6-4-2/h3-7H2,1-2H3","InChI=1S/C8H14/c1-7(2)5-6-8(3)4/h5-6H,1-4H3",,,0.8,0.2,,
19.0,-,molar,"InChI=1S/C7H16/c1-3-5-7-6-4-2/h3-7H2,1-2H3","InChI=1S/C8H18/c1-7(2)6-8(3,4)5/h7H,6H2,1-5H3","InChI=1S/CH4O/c1-2/h2H,1H3",,0.141,0.651,0.208,
23.0,-,molar,"InChI=1S/C7H16/c1-3-5-7-6-4-2/h3-7H2,1-2H3","InChI=1S/C8H18/c1-7(2)6-8(3,4)5/h7H,6H2,1-5H3","InChI=1S/CH4O/c1-2/h2H,1H3",,0.158,0.73,0.112,
25.0,-,molar,"InChI=1S/C7H16/c1-3-5-7-6-4-2/h3-7H2,1-2H3","InChI=1S/C8H18/c1-7(2)6-8(3,4)5/h7H,6H2,1-5H3","InChI=1S/CH4O/c1-2/h2H,1H3",,0.17,0.78,0.05,
23.2,-,molar,"InChI=1S/C7H16/c1-3-5-7-6-4-2/h3-7H2,1-2H3","InChI=1S/C8H18/c1-7(2)6-8(3,4)5/h7H,6H2,1-5H3",,,0.1,0.9,,
22.2,-,molar,"InChI=1S/C7H16/c1-3-5-7-6-4-2/h3-7H2,1-2H3","InChI=1S/C8H18/c1-7(2)6-8(3,4)5/h7H,6H2,1-5H3",,,0.11,0.89,,
23.3,-,molar,"InChI=1S/C7H16/c1-3-5-7-6-4-2/h3-7H2,1-2H3","InChI=1S/C8H18/c1-7(2)6-8(3,4)5/h7H,6H2,1-5H3",,,0.111,0.889,,
23.3,-,molar,"InChI=1S/C7H16/c1-3-5-7-6-4-2/h3-7H2,1-2H3","InChI=1S/C8H18/c1-7(2)6-8(3,4)5/h7H,6H2,1-5H3",,,0.112,0.888,,
27.5,-,molar,"InChI=1S/C7H16/c1-3-5-7-6-4-2/h3-7H2,1-2H3","InChI=1S/C8H18/c1-7(2)6-8(3,4)5/h7H,6H2,1-5H3",,,0.22,0.78,,
27.7,-,molar,"InChI=1S/C7H16/c1-3-5-7-6-4-2/h3-7H2,1-2H3","InChI=1S/C8H18/c1-7(2)6-8(3,4)5/h7H,6H2,1-5H3",,,0.222,0.778,,
31.55,-,molar,"InChI=1S/C7H16/c1-3-5-7-6-4-2/h3-7H2,1-2H3","InChI=1S/C8H18/c1-7(2)6-8(3,4)5/h7H,6H2,1-5H3",,,0.326,0.674,,
31.6,-,molar,"InChI=1S/C7H16/c1-3-5-7-6-4-2/h3-7H2,1-2H3","InChI=1S/C8H18/c1-7(2)6-8(3,4)5/h7H,6H2,1-5H3",,,0.328,0.672,,
31.9,-,molar,"InChI=1S/C7H16/c1-3-5-7-6-4-2/h3-7H2,1-2H3","InChI=1S/C8H18/c1-7(2)6-8(3,4)5/h7H,6H2,1-5H3",,,0.33,0.67,,
36.1,-,molar,"InChI=1S/C7H16/c1-3-5-7-6-4-2/h3-7H2,1-2H3","InChI=1S/C8H18/c1-7(2)6-8(3,4)5/h7H,6H2,1-5H3",,,0.429,0.571,,
37.0,-,molar,"InChI=1S/C7H16/c1-3-5-7-6-4-2/h3-7H2,1-2H3","InChI=1S/C8H18/c1-7(2)6-8(3,4)5/h7H,6H2,1-5H3",,,0.43,0.57,,
36.1,-,molar,"InChI=1S/C7H16/c1-3-5-7-6-4-2/h3-7H2,1-2H3","InChI=1S/C8H18/c1-7(2)6-8(3,4)5/h7H,6H2,1-5H3",,,0.432,0.568,,
40.75,-,molar,"InChI=1S/C7H16/c1-3-5-7-6-4-2/h3-7H2,1-2H3","InChI=1S/C8H18/c1-7(2)6-8(3,4)5/h7H,6H2,1-5H3",,,0.53,0.47,,
40.1,-,molar,"InChI=1S/C7H16/c1-3-5-7-6-4-2/h3-7H2,1-2H3","InChI=1S/C8H18/c1-7(2)6-8(3,4)5/h7H,6H2,1-5H3",,,0.533,0.467,,
45.7,-,molar,"InChI=1S/C7H16/c1-3-5-7-6-4-2/h3-7H2,1-2H3","InChI=1S/C8H18/c1-7(2)6-8(3,4)5/h7H,6H2,1-5H3",,,0.67,0.33,,
51.3,-,molar,"InChI=1S/C7H16/c1-3-5-7-6-4-2/h3-7H2,1-2H3","InChI=1S/C8H18/c1-7(2)6-8(3,4)5/h7H,6H2,1-5H3",,,0.87,0.13,,
15.3,-,molar,"InChI=1S/C7H16/c1-3-5-7-6-4-2/h3-7H2,1-2H3","InChI=1S/C9H12/c1-2-6-9-7-4-3-5-8-9/h3-5,7-8H,2,6H2,1H3",,,0.19,0.81,,
25.4,-,molar,"InChI=1S/C7H16/c1-3-5-7-6-4-2/h3-7H2,1-2H3","InChI=1S/C9H12/c1-2-6-9-7-4-3-5-8-9/h3-5,7-8H,2,6H2,1H3",,,0.38,0.62,,
30.0,-,molar,"InChI=1S/C7H16/c1-3-5-7-6-4-2/h3-7H2,1-2H3","InChI=1S/C9H12/c1-2-6-9-7-4-3-5-8-9/h3-5,7-8H,2,6H2,1H3",,,0.49,0.51,,
35.4,-,molar,"InChI=1S/C7H16/c1-3-5-7-6-4-2/h3-7H2,1-2H3","InChI=1S/C9H12/c1-2-6-9-7-4-3-5-8-9/h3-5,7-8H,2,6H2,1H3",,,0.59,0.41,,
44.2,-,molar,"InChI=1S/C7H16/c1-3-5-7-6-4-2/h3-7H2,1-2H3","InChI=1S/C9H12/c1-2-6-9-7-4-3-5-8-9/h3-5,7-8H,2,6H2,1H3",,,0.79,0.21,,
15.0,-,molar,"InChI=1S/C7H16/c1-3-5-7-6-4-2/h3-7H2,1-2H3","InChI=1S/C9H12/c1-8(2)9-6-4-3-5-7-9/h3-8H,1-2H3",,,0.19,0.81,,
27.9,-,molar,"InChI=1S/C7H16/c1-3-5-7-6-4-2/h3-7H2,1-2H3","InChI=1S/C9H12/c1-8(2)9-6-4-3-5-7-9/h3-8H,1-2H3",,,0.38,0.62,,
34.9,-,molar,"InChI=1S/C7H16/c1-3-5-7-6-4-2/h3-7H2,1-2H3","InChI=1S/C9H12/c1-8(2)9-6-4-3-5-7-9/h3-8H,1-2H3",,,0.49,0.51,,
39.2,-,molar,"InChI=1S/C7H16/c1-3-5-7-6-4-2/h3-7H2,1-2H3","InChI=1S/C9H12/c1-8(2)9-6-4-3-5-7-9/h3-8H,1-2H3",,,0.58,0.42,,
48.1,-,molar,"InChI=1S/C7H16/c1-3-5-7-6-4-2/h3-7H2,1-2H3","InChI=1S/C9H12/c1-8(2)9-6-4-3-5-7-9/h3-8H,1-2H3",,,0.79,0.21,,
