prediction_row_position,source_row_index,value,unit,fraction_type,component_inchi_0,fraction_0,component_inchi_1,fraction_1,component_inchi_2,fraction_2,component_inchi_3,fraction_3,y_true,y_pred,reference_ideal_value,reference_excess_value,predicted_excess,weighted_pure_pred,y_pred_mix,rank_true_desc,rank_pred_desc,rank_reference_ideal_desc,rank_weighted_pure_pred_desc,rank_reference_excess_desc,rank_predicted_excess_desc
0,92,117.0,Celcius,molar,"InChI=1S/C16H34/c1-3-5-7-9-11-13-15-16-14-12-10-8-6-4-2/h3-16H2,1-2H3",0.866,"InChI=1S/C12H18/c1-2-3-4-6-9-12-10-7-5-8-11-12/h5,7-8,10-11H,2-4,6,9H2,1H3",0.134,,0.0,,0.0,117.0,128.444,127.63,-10.629999999999995,-1.6141343383789035,130.05813458251953,128.44400024414062,1.0,1.0,1.0,1.0,156.0,101.0
1,93,108.0,Celcius,molar,"InChI=1S/C16H34/c1-3-5-7-9-11-13-15-16-14-12-10-8-6-4-2/h3-16H2,1-2H3",0.741,"InChI=1S/C12H18/c1-2-3-4-6-9-12-10-7-5-8-11-12/h5,7-8,10-11H,2-4,6,9H2,1H3",0.259,,0.0,,0.0,108.0,119.81679,120.755,-12.754999999999995,-3.351931121826169,123.16871884155272,119.81678771972656,2.0,2.0,2.0,2.0,168.0,145.0
2,94,104.0,Celcius,molar,"InChI=1S/C16H34/c1-3-5-7-9-11-13-15-16-14-12-10-8-6-4-2/h3-16H2,1-2H3",0.626,"InChI=1S/C12H18/c1-2-3-4-6-9-12-10-7-5-8-11-12/h5,7-8,10-11H,2-4,6,9H2,1H3",0.374,,0.0,,0.0,104.0,111.65779,114.43,-10.430000000000009,-5.172665222167964,116.83045635986328,111.65779113769533,3.0,3.0,3.0,3.0,154.0,170.0
3,95,100.0,Celcius,molar,"InChI=1S/C16H34/c1-3-5-7-9-11-13-15-16-14-12-10-8-6-4-2/h3-16H2,1-2H3",0.518,"InChI=1S/C12H18/c1-2-3-4-6-9-12-10-7-5-8-11-12/h5,7-8,10-11H,2-4,6,9H2,1H3",0.482,,0.0,,0.0,100.0,104.466034,108.49,-8.490000000000009,-6.411967224121099,110.87800115966796,104.46603393554688,4.0,4.0,4.0,4.0,143.0,185.0
4,96,97.0,Celcius,molar,"InChI=1S/C12H18/c1-2-3-4-6-9-12-10-7-5-8-11-12/h5,7-8,10-11H,2-4,6,9H2,1H3",0.582,"InChI=1S/C16H34/c1-3-5-7-9-11-13-15-16-14-12-10-8-6-4-2/h3-16H2,1-2H3",0.418,,0.0,,0.0,97.0,98.77814,102.99,-5.989999999999995,-6.588331359863275,105.36646856689453,98.77813720703124,5.0,5.0,5.0,5.0,126.0,188.0
5,97,95.0,Celcius,molar,"InChI=1S/C12H18/c1-2-3-4-6-9-12-10-7-5-8-11-12/h5,7-8,10-11H,2-4,6,9H2,1H3",0.675,"InChI=1S/C16H34/c1-3-5-7-9-11-13-15-16-14-12-10-8-6-4-2/h3-16H2,1-2H3",0.325,,0.0,,0.0,95.0,94.279274,97.875,-2.875,-5.961469268798837,100.24074325561524,94.2792739868164,6.0,6.0,6.0,6.0,88.0,180.0
6,98,92.0,Celcius,molar,"InChI=1S/C12H18/c1-2-3-4-6-9-12-10-7-5-8-11-12/h5,7-8,10-11H,2-4,6,9H2,1H3",0.765,"InChI=1S/C16H34/c1-3-5-7-9-11-13-15-16-14-12-10-8-6-4-2/h3-16H2,1-2H3",0.235,,0.0,,0.0,92.0,90.293884,92.925,-0.9249999999999972,-4.986479644775386,95.28036392211914,90.29388427734376,7.0,7.0,7.0,7.0,61.0,168.0
7,99,90.0,Celcius,molar,"InChI=1S/C12H18/c1-2-3-4-6-9-12-10-7-5-8-11-12/h5,7-8,10-11H,2-4,6,9H2,1H3",0.848,"InChI=1S/C16H34/c1-3-5-7-9-11-13-15-16-14-12-10-8-6-4-2/h3-16H2,1-2H3",0.152,,0.0,,0.0,90.0,87.0659,88.36,1.6400000000000006,-3.639889160156258,90.7057918701172,87.06590270996094,8.0,8.0,8.0,8.0,26.0,153.0
8,100,89.0,Celcius,molar,"InChI=1S/C12H18/c1-2-3-4-6-9-12-10-7-5-8-11-12/h5,7-8,10-11H,2-4,6,9H2,1H3",0.926,"InChI=1S/C16H34/c1-3-5-7-9-11-13-15-16-14-12-10-8-6-4-2/h3-16H2,1-2H3",0.074,,0.0,,0.0,89.0,84.49254,84.07,4.930000000000007,-1.9142579956054675,86.4067964477539,84.49253845214844,9.0,9.0,9.0,9.0,6.0,109.0
9,106,39.85000000000002,Celcius,molar,"InChI=1S/C9H12/c1-2-6-9-7-4-3-5-8-9/h3-5,7-8H,2,6H2,1H3",0.9,"InChI=1S/C12H26/c1-10(8-11(2,3)4)9-12(5,6)7/h10H,8-9H2,1-7H3",0.1,,0.0,,0.0,39.85000000000002,34.442127,31.7,8.150000000000023,-2.129793930053708,36.57192115783691,34.4421272277832,21.5,39.0,37.0,42.0,3.0,119.0
10,107,39.85000000000002,Celcius,molar,"InChI=1S/C9H12/c1-2-6-9-7-4-3-5-8-9/h3-5,7-8H,2,6H2,1H3",0.8,"InChI=1S/C12H26/c1-10(8-11(2,3)4)9-12(5,6)7/h10H,8-9H2,1-7H3",0.2,,0.0,,0.0,39.85000000000002,36.67679,33.4,6.450000000000024,-0.576688385009767,37.25347671508789,36.676788330078125,21.5,38.0,32.0,40.0,5.0,65.0
11,108,39.85000000000002,Celcius,molar,"InChI=1S/C9H12/c1-2-6-9-7-4-3-5-8-9/h3-5,7-8H,2,6H2,1H3",0.7,"InChI=1S/C12H26/c1-10(8-11(2,3)4)9-12(5,6)7/h10H,8-9H2,1-7H3",0.3,,0.0,,0.0,39.85000000000002,38.939175,35.1,4.750000000000021,1.0041423797607436,37.93503227233887,38.93917465209961,21.5,35.0,30.0,39.0,7.0,8.0
12,109,39.85000000000002,Celcius,molar,"InChI=1S/C9H12/c1-2-6-9-7-4-3-5-8-9/h3-5,7-8H,2,6H2,1H3",0.6,"InChI=1S/C12H26/c1-10(8-11(2,3)4)9-12(5,6)7/h10H,8-9H2,1-7H3",0.4,,0.0,,0.0,39.85000000000002,41.865295,36.8,3.0500000000000256,3.2487075805664034,38.61658782958985,41.86529541015625,21.5,29.0,26.0,37.0,13.0,3.0
13,110,40.85000000000002,Celcius,molar,"InChI=1S/C12H26/c1-10(8-11(2,3)4)9-12(5,6)7/h10H,8-9H2,1-7H3",0.502,"InChI=1S/C9H12/c1-2-6-9-7-4-3-5-8-9/h3-5,7-8H,2,6H2,1H3",0.498,,0.0,,0.0,40.85000000000002,44.02456,38.534,2.316000000000024,4.7127845230102565,39.31177449798584,44.024559020996094,19.0,24.0,24.0,35.0,18.0,1.0
14,111,41.85000000000002,Celcius,molar,"InChI=1S/C12H26/c1-10(8-11(2,3)4)9-12(5,6)7/h10H,8-9H2,1-7H3",0.6,"InChI=1S/C9H12/c1-2-6-9-7-4-3-5-8-9/h3-5,7-8H,2,6H2,1H3",0.4,,0.0,,0.0,41.85000000000002,44.574512,40.2,1.65000000000002,4.594813537597659,39.979698944091794,44.57451248168945,17.5,23.0,22.0,33.0,25.0,2.0
15,112,41.85000000000002,Celcius,molar,"InChI=1S/C12H26/c1-10(8-11(2,3)4)9-12(5,6)7/h10H,8-9H2,1-7H3",0.699,"InChI=1S/C9H12/c1-2-6-9-7-4-3-5-8-9/h3-5,7-8H,2,6H2,1H3",0.301,,0.0,,0.0,41.85000000000002,43.865803,41.883,-0.0329999999999728,3.211363819122319,40.65443894577026,43.86580276489258,17.5,25.0,21.0,30.0,53.0,4.0
16,113,42.85000000000002,Celcius,molar,"InChI=1S/C12H26/c1-10(8-11(2,3)4)9-12(5,6)7/h10H,8-9H2,1-7H3",0.8,"InChI=1S/C9H12/c1-2-6-9-7-4-3-5-8-9/h3-5,7-8H,2,6H2,1H3",0.2,,0.0,,0.0,42.85000000000002,43.098415,43.6,-0.7499999999999787,1.7556053161621037,41.34281005859376,43.09841537475586,16.0,26.0,19.0,28.0,58.0,5.0
17,114,43.85000000000002,Celcius,molar,"InChI=1S/C12H26/c1-10(8-11(2,3)4)9-12(5,6)7/h10H,8-9H2,1-7H3",0.899,"InChI=1S/C9H12/c1-2-6-9-7-4-3-5-8-9/h3-5,7-8H,2,6H2,1H3",0.101,,0.0,,0.0,43.85000000000002,42.65915,45.283,-1.4329999999999783,0.641599109649654,42.01755006027222,42.65914916992188,12.5,27.0,17.0,27.0,67.0,10.0
18,437,-0.1499999999999772,Celcius,molar,"InChI=1S/CH4O/c1-2/h2H,1H3",0.8,"InChI=1S/C2H6O/c1-2-3/h3H,2H2,1H3",0.1,InChI=1S/C3H6O/c1-3(2)4/h1-2H3,0.1,,0.0,-0.1499999999999772,3.4156532,9.070000000000002,-9.21999999999998,-2.6158552169799805,6.031508445739746,3.4156532287597656,164.0,151.0,134.0,150.0,147.0,129.0
19,438,-5.75,Celcius,molar,"InChI=1S/CH4O/c1-2/h2H,1H3",0.7,InChI=1S/C3H6O/c1-3(2)4/h1-2H3,0.2,"InChI=1S/C2H6O/c1-2-3/h3H,2H2,1H3",0.1,,0.0,-5.75,-0.56196594,6.039999999999998,-11.79,-3.779085350036621,3.217119407653808,-0.5619659423828125,190.0,177.0,153.0,168.0,163.0,155.0
20,439,-8.849999999999966,Celcius,molar,"InChI=1S/CH4O/c1-2/h2H,1H3",0.6,InChI=1S/C3H6O/c1-3(2)4/h1-2H3,0.3,"InChI=1S/C2H6O/c1-2-3/h3H,2H2,1H3",0.1,,0.0,-8.849999999999966,-4.034176,3.009999999999999,-11.859999999999964,-4.436906242370606,0.4027303695678714,-4.034175872802734,200.0,192.0,167.0,181.0,164.0,161.0
21,440,-14.949999999999989,Celcius,molar,InChI=1S/C3H6O/c1-3(2)4/h1-2H3,0.6,"InChI=1S/CH4O/c1-2/h2H,1H3",0.3,"InChI=1S/C2H6O/c1-2-3/h3H,2H2,1H3",0.1,,0.0,-14.949999999999989,-10.657253,-6.08,-8.869999999999989,-2.616816520690918,-8.040436744689941,-10.65725326538086,201.0,201.0,191.0,201.0,145.0,130.0
22,441,-4.449999999999989,Celcius,molar,"InChI=1S/C2H6O/c1-2-3/h3H,2H2,1H3",0.7,InChI=1S/C3H6O/c1-3(2)4/h1-2H3,0.2,"InChI=1S/CH4O/c1-2/h2H,1H3",0.1,,0.0,-4.449999999999989,1.0303802,6.640000000000001,-11.08999999999999,-2.847542762756348,3.877923011779785,1.0303802490234375,187.0,168.0,151.0,163.0,159.0,136.0
23,442,-1.4499999999999886,Celcius,molar,"InChI=1S/C2H6O/c1-2-3/h3H,2H2,1H3",0.8,InChI=1S/C3H6O/c1-3(2)4/h1-2H3,0.1,"InChI=1S/CH4O/c1-2/h2H,1H3",0.1,,0.0,-1.4499999999999886,4.6094704,9.77,-11.219999999999988,-2.1929756164550787,6.802445983886719,4.609470367431641,170.0,142.0,128.0,144.0,161.0,122.0
24,459,39.5,Celcius,molar,"InChI=1S/C6H14O2/c1-2-3-5-8-6-4-7/h7H,2-6H2,1H3",0.956,"InChI=1S/C2H6O/c1-2-3/h3H,2H2,1H3",0.044,,0.0,,0.0,39.5,63.10787,58.888,-19.388,-1.1918356094360265,64.2997038040161,63.10786819458008,24.0,11.0,11.0,11.0,186.0,88.0
25,460,33.5,Celcius,molar,"InChI=1S/C6H14O2/c1-2-3-5-8-6-4-7/h7H,2-6H2,1H3",0.801,"InChI=1S/C2H6O/c1-2-3/h3H,2H2,1H3",0.199,,0.0,,0.0,33.5,48.154194,51.44800000000001,-17.948000000000008,-7.315276514053345,55.46947039222717,48.15419387817383,29.0,18.0,15.0,15.0,183.0,195.0
26,461,28.5,Celcius,molar,"InChI=1S/C6H14O2/c1-2-3-5-8-6-4-7/h7H,2-6H2,1H3",0.641,"InChI=1S/C2H6O/c1-2-3/h3H,2H2,1H3",0.359,,0.0,,0.0,28.5,39.65423,43.768,-15.268,-6.700162530899043,46.35439074134826,39.65422821044922,33.0,34.0,18.0,23.0,177.0,191.0
27,462,26.5,Celcius,molar,"InChI=1S/C6H14O2/c1-2-3-5-8-6-4-7/h7H,2-6H2,1H3",0.51,"InChI=1S/C2H6O/c1-2-3/h3H,2H2,1H3",0.49,,0.0,,0.0,26.5,34.21423,37.48,-10.979999999999997,-4.677189693450927,38.89141927719116,34.214229583740234,35.0,41.0,25.0,36.0,158.0,165.0
28,463,22.5,Celcius,molar,"InChI=1S/C2H6O/c1-2-3/h3H,2H2,1H3",0.599,"InChI=1S/C6H14O2/c1-2-3-5-8-6-4-7/h7H,2-6H2,1H3",0.401,,0.0,,0.0,22.5,27.260803,32.248000000000005,-9.748000000000005,-5.420968042373659,32.68177126502991,27.26080322265625,41.0,49.0,36.0,48.0,151.0,174.0
29,464,20.5,Celcius,molar,"InChI=1S/C2H6O/c1-2-3/h3H,2H2,1H3",0.692,"InChI=1S/C6H14O2/c1-2-3-5-8-6-4-7/h7H,2-6H2,1H3",0.308,,0.0,,0.0,20.5,21.427238,27.784,-7.283999999999999,-5.956392753601072,27.38363121795654,21.42723846435547,45.0,58.0,47.0,57.0,136.0,179.0
30,465,19.5,Celcius,molar,"InChI=1S/C2H6O/c1-2-3/h3H,2H2,1H3",0.771,"InChI=1S/C6H14O2/c1-2-3-5-8-6-4-7/h7H,2-6H2,1H3",0.229,,0.0,,0.0,19.5,17.617249,23.992,-4.492000000000001,-5.265812105178835,22.883060640335085,17.61724853515625,48.0,64.0,55.0,65.0,110.0,171.0
31,466,19.5,Celcius,molar,"InChI=1S/C2H6O/c1-2-3/h3H,2H2,1H3",0.839,"InChI=1S/C6H14O2/c1-2-3-5-8-6-4-7/h7H,2-6H2,1H3",0.161,,0.0,,0.0,19.5,14.888546,20.728,-1.2280000000000015,-4.120605798721314,19.00915178871155,14.888545989990234,48.0,71.0,63.0,73.0,66.0,159.0
32,467,19.5,Celcius,molar,"InChI=1S/C2H6O/c1-2-3/h3H,2H2,1H3",0.9,"InChI=1S/C6H14O2/c1-2-3-5-8-6-4-7/h7H,2-6H2,1H3",0.1,,0.0,,0.0,19.5,12.7703705,17.8,1.6999999999999993,-2.7636571884155288,15.534027671813966,12.770370483398438,48.0,80.0,69.0,79.0,24.0,133.0
33,468,17.5,Celcius,molar,"InChI=1S/C2H6O/c1-2-3/h3H,2H2,1H3",0.953,"InChI=1S/C6H14O2/c1-2-3-5-8-6-4-7/h7H,2-6H2,1H3",0.047,,0.0,,0.0,17.5,11.156769,15.256,2.244,-1.3578887386322016,12.514657537460328,11.156768798828123,55.0,89.0,77.0,91.0,20.0,95.0
34,469,2.75,Celcius,molar,"InChI=1S/C7H8/c1-7-5-3-2-4-6-7/h2-6H,1H3",0.832,"InChI=1S/C2H6O/c1-2-3/h3H,2H2,1H3",0.168,,0.0,,0.0,2.75,1.8878136,5.5120000000000005,-2.7620000000000005,-1.1125160064697264,3.0003295745849607,1.8878135681152344,150.5,163.0,157.0,169.0,86.0,85.0
35,470,2.75,Celcius,molar,"InChI=1S/C7H8/c1-7-5-3-2-4-6-7/h2-6H,1H3",0.687,"InChI=1S/C2H6O/c1-2-3/h3H,2H2,1H3",0.313,,0.0,,0.0,2.75,2.2268105,6.817,-4.067,-1.965024084091187,4.191834539413453,2.2268104553222656,150.5,160.0,150.0,161.0,105.0,111.0
36,471,3.75,Celcius,molar,"InChI=1S/C7H8/c1-7-5-3-2-4-6-7/h2-6H,1H3",0.562,"InChI=1S/C2H6O/c1-2-3/h3H,2H2,1H3",0.438,,0.0,,0.0,3.75,2.3633652,7.942,-4.192,-2.8556288185119625,5.218993991851806,2.363365173339844,142.5,159.0,141.0,153.0,107.0,137.0
37,472,3.75,Celcius,molar,"InChI=1S/C2H6O/c1-2-3/h3H,2H2,1H3",0.548,"InChI=1S/C7H8/c1-7-5-3-2-4-6-7/h2-6H,1H3",0.452,,0.0,,0.0,3.75,2.558117,8.932,-5.182,-3.564777397155762,6.122894309997559,2.558116912841797,142.5,157.0,137.0,149.0,118.0,151.0
38,473,3.75,Celcius,molar,"InChI=1S/C2H6O/c1-2-3/h3H,2H2,1H3",0.646,"InChI=1S/C7H8/c1-7-5-3-2-4-6-7/h2-6H,1H3",0.354,,0.0,,0.0,3.75,3.323326,9.814,-6.064,-3.6048612098693846,6.928187320709228,3.323326110839844,142.5,152.0,127.0,142.0,127.0,152.0
39,474,3.75,Celcius,molar,"InChI=1S/C2H6O/c1-2-3/h3H,2H2,1H3",0.732,"InChI=1S/C7H8/c1-7-5-3-2-4-6-7/h2-6H,1H3",0.268,,0.0,,0.0,3.75,4.0767517,10.588,-6.838000000000001,-3.558121315002441,7.634873023986816,4.076751708984375,142.5,147.0,122.0,137.0,134.0,150.0
40,475,4.75,Celcius,molar,"InChI=1S/C2H6O/c1-2-3/h3H,2H2,1H3",0.81,"InChI=1S/C7H8/c1-7-5-3-2-4-6-7/h2-6H,1H3",0.19,,0.0,,0.0,4.75,4.8668747,11.29,-6.540000000000001,-3.408945827484132,8.27582052230835,4.866874694824219,131.0,137.0,118.0,131.0,133.0,147.0
41,476,6.75,Celcius,molar,"InChI=1S/C2H6O/c1-2-3/h3H,2H2,1H3",0.879,"InChI=1S/C7H8/c1-7-5-3-2-4-6-7/h2-6H,1H3",0.121,,0.0,,0.0,6.75,5.8932343,11.911,-5.161,-2.949578287124634,8.842812540054322,5.893234252929688,122.0,132.0,112.0,121.0,117.0,141.0
42,477,8.850000000000023,Celcius,molar,"InChI=1S/C2H6O/c1-2-3/h3H,2H2,1H3",0.943,"InChI=1S/C7H8/c1-7-5-3-2-4-6-7/h2-6H,1H3",0.057,,0.0,,0.0,8.850000000000023,7.762926,12.486999999999998,-3.636999999999976,-1.6057920780181885,9.36871817970276,7.76292610168457,113.0,122.0,97.0,113.0,97.0,99.0
43,478,7.850000000000023,Celcius,molar,"InChI=1S/C2H6O/c1-2-3/h3H,2H2,1H3",0.966,"InChI=1S/C7H8/c1-7-5-3-2-4-6-7/h2-6H,1H3",0.034,,0.0,,0.0,7.850000000000023,8.593212,12.694,-4.843999999999976,-0.9645033912658684,9.557715518951415,8.593212127685547,118.0,117.0,91.0,108.0,114.0,78.0
44,479,10.850000000000025,Celcius,molar,"InChI=1S/C2H6O/c1-2-3/h3H,2H2,1H3",0.989,"InChI=1S/C7H8/c1-7-5-3-2-4-6-7/h2-6H,1H3",0.011,,0.0,,0.0,10.850000000000025,9.428534,12.901,-2.0509999999999757,-0.3181793041229248,9.746712858200071,9.428533554077148,96.5,96.0,87.0,105.0,74.0,56.0
45,505,12.25,Celcius,molar,"InChI=1S/CH4O/c1-2/h2H,1H3",0.986,"InChI=1S/C2H6O/c1-2-3/h3H,2H2,1H3",0.014,,0.0,,0.0,12.25,8.768942,12.014,0.2359999999999988,0.0177595787048332,8.751182300567628,8.768941879272461,87.0,116.0,110.0,127.0,43.0,19.0
46,506,13.25,Celcius,molar,"InChI=1S/CH4O/c1-2/h2H,1H3",0.972,"InChI=1S/C2H6O/c1-2-3/h3H,2H2,1H3",0.028,,0.0,,0.0,13.25,8.802113,12.028,1.2219999999999995,0.035511528015137,8.766601051330566,8.802112579345703,77.0,115.0,109.0,126.0,28.0,18.0
47,507,12.25,Celcius,molar,"InChI=1S/CH4O/c1-2/h2H,1H3",0.958,"InChI=1S/C2H6O/c1-2-3/h3H,2H2,1H3",0.042,,0.0,,0.0,12.25,8.835285,12.041999999999998,0.2080000000000019,0.0532653846740718,8.782019802093506,8.835285186767578,87.0,114.0,108.0,125.0,45.0,17.0
48,508,12.25,Celcius,molar,"InChI=1S/CH4O/c1-2/h2H,1H3",0.943,"InChI=1S/C2H6O/c1-2-3/h3H,2H2,1H3",0.057,,0.0,,0.0,12.25,8.869495,12.057,0.1930000000000014,0.0709554996490471,8.798539892196656,8.869495391845703,87.0,113.0,107.0,124.0,46.0,16.0
49,509,13.25,Celcius,molar,"InChI=1S/CH4O/c1-2/h2H,1H3",0.928,"InChI=1S/C2H6O/c1-2-3/h3H,2H2,1H3",0.072,,0.0,,0.0,13.25,8.902117,12.072,1.177999999999999,0.0870567932128896,8.815059982299806,8.902116775512695,77.0,111.0,106.0,123.0,29.0,15.0
50,510,13.25,Celcius,molar,"InChI=1S/CH4O/c1-2/h2H,1H3",0.852,"InChI=1S/C2H6O/c1-2-3/h3H,2H2,1H3",0.148,,0.0,,0.0,13.25,9.040932,12.148,1.1020000000000003,0.1421699295043943,8.898761772155762,9.040931701660156,77.0,108.0,105.0,120.0,31.0,13.0
51,511,13.25,Celcius,molar,"InChI=1S/CH4O/c1-2/h2H,1H3",0.771,"InChI=1S/C2H6O/c1-2-3/h3H,2H2,1H3",0.229,,0.0,,0.0,13.25,9.102158,12.229,1.020999999999999,0.1141873340606682,8.98797025871277,9.102157592773438,77.0,104.0,103.0,119.0,34.0,14.0
52,512,13.25,Celcius,molar,"InChI=1S/CH4O/c1-2/h2H,1H3",0.684,"InChI=1S/C2H6O/c1-2-3/h3H,2H2,1H3",0.316,,0.0,,0.0,13.25,9.067846,12.316,0.934000000000001,-0.0159404830932636,9.083786781311035,9.067846298217772,77.0,106.0,100.0,117.0,36.0,23.0
53,513,13.25,Celcius,molar,"InChI=1S/CH4O/c1-2/h2H,1H3",0.59,"InChI=1S/C2H6O/c1-2-3/h3H,2H2,1H3",0.41,,0.0,,0.0,13.25,9.083385,12.41,0.8399999999999999,-0.1039272117614746,9.187312679290772,9.083385467529297,77.0,105.0,99.0,116.0,37.0,37.0
54,514,13.25,Celcius,molar,"InChI=1S/C2H6O/c1-2-3/h3H,2H2,1H3",0.51,"InChI=1S/CH4O/c1-2/h2H,1H3",0.49,,0.0,,0.0,13.25,9.10446,12.51,0.7400000000000002,-0.1929868507385244,9.297446613311768,9.104459762573242,77.0,103.0,96.0,115.0,38.0,51.0
55,515,15.25,Celcius,molar,"InChI=1S/C2H6O/c1-2-3/h3H,2H2,1H3",0.618,"InChI=1S/CH4O/c1-2/h2H,1H3",0.382,,0.0,,0.0,15.25,9.142328,12.618,2.632,-0.2740629997253414,9.416391262054445,9.142328262329102,62.0,102.0,94.0,111.0,15.0,54.0
56,516,15.150000000000034,Celcius,molar,"InChI=1S/C2H6O/c1-2-3/h3H,2H2,1H3",0.735,"InChI=1S/CH4O/c1-2/h2H,1H3",0.265,,0.0,,0.0,15.150000000000034,9.156984,12.735,2.4150000000000347,-0.3882636356353757,9.545247964859009,9.156984329223633,63.0,101.0,90.0,109.0,16.0,61.0
57,517,13.150000000000034,Celcius,molar,"InChI=1S/C2H6O/c1-2-3/h3H,2H2,1H3",0.862,"InChI=1S/CH4O/c1-2/h2H,1H3",0.138,,0.0,,0.0,13.150000000000034,9.35165,12.862,0.288000000000034,-0.333467823028565,9.685118061065674,9.35165023803711,81.0,97.0,89.0,106.0,42.0,58.0
58,580,-4.149999999999977,Celcius,molar,"InChI=1S/C7H16/c1-3-5-7-6-4-2/h3-7H2,1-2H3",0.821,"InChI=1S/C3H8O/c1-2-3-4/h4H,2-3H2,1H3",0.179,,0.0,,0.0,-4.149999999999977,-1.2468987,-0.5086899999999996,-3.6413099999999776,-1.0489386501312254,-0.1979600009918214,-1.2468986511230469,186.0,182.0,177.0,185.0,98.0,82.0
59,581,-3.1499999999999773,Celcius,molar,"InChI=1S/C7H16/c1-3-5-7-6-4-2/h3-7H2,1-2H3",0.671,"InChI=1S/C3H8O/c1-2-3-4/h4H,2-3H2,1H3",0.329,,0.0,,0.0,-3.1499999999999773,0.42268753,2.3248100000000003,-5.4748099999999775,-1.9522111835479736,2.374898714065552,0.4226875305175781,178.5,173.0,171.0,172.0,123.0,110.0
60,582,-3.1499999999999773,Celcius,molar,"InChI=1S/C7H16/c1-3-5-7-6-4-2/h3-7H2,1-2H3",0.543,"InChI=1S/C3H8O/c1-2-3-4/h4H,2-3H2,1H3",0.457,,0.0,,0.0,-3.1499999999999773,2.0240097,4.74273,-7.892729999999977,-2.5463951129913323,4.570404817581176,2.024009704589844,178.5,162.0,159.0,160.0,140.0,127.0
61,583,-3.1499999999999773,Celcius,molar,"InChI=1S/C3H8O/c1-2-3-4/h4H,2-3H2,1H3",0.567,"InChI=1S/C7H16/c1-3-5-7-6-4-2/h3-7H2,1-2H3",0.433,,0.0,,0.0,-3.1499999999999773,3.6499863,6.820629999999999,-9.970629999999977,-2.8071816082000725,6.457167875289916,3.649986267089844,178.5,149.0,149.0,145.0,152.0,135.0
62,584,-3.1499999999999773,Celcius,molar,"InChI=1S/C3H8O/c1-2-3-4/h4H,2-3H2,1H3",0.662,"InChI=1S/C7H16/c1-3-5-7-6-4-2/h3-7H2,1-2H3",0.338,,0.0,,0.0,-3.1499999999999773,5.474453,8.615179999999999,-11.765179999999976,-2.6121920890808106,8.08664506149292,5.474452972412109,178.5,135.0,138.0,134.0,162.0,128.0
63,585,-2.25,Celcius,molar,"InChI=1S/C3H8O/c1-2-3-4/h4H,2-3H2,1H3",0.746,"InChI=1S/C7H16/c1-3-5-7-6-4-2/h3-7H2,1-2H3",0.254,,0.0,,0.0,-2.25,7.308344,10.20194,-12.45194,-2.219102054595949,9.52744594192505,7.308343887329102,172.0,125.0,125.0,110.0,167.0,123.0
64,586,-0.25,Celcius,molar,"InChI=1S/C3H8O/c1-2-3-4/h4H,2-3H2,1H3",0.821,"InChI=1S/C7H16/c1-3-5-7-6-4-2/h3-7H2,1-2H3",0.179,,0.0,,0.0,-0.25,9.164314,11.61869,-11.86869,-1.649561029434203,10.813875299453734,9.164314270019531,165.0,100.0,114.0,99.0,165.0,103.0
65,587,1.75,Celcius,molar,"InChI=1S/C3H8O/c1-2-3-4/h4H,2-3H2,1H3",0.887,"InChI=1S/C7H16/c1-3-5-7-6-4-2/h3-7H2,1-2H3",0.113,,0.0,,0.0,1.75,11.043823,12.86543,-11.11543,-0.9021098918914792,11.94593313407898,11.0438232421875,157.0,90.0,88.0,95.0,160.0,77.0
66,588,8.75,Celcius,molar,"InChI=1S/C3H8O/c1-2-3-4/h4H,2-3H2,1H3",0.946,"InChI=1S/C7H16/c1-3-5-7-6-4-2/h3-7H2,1-2H3",0.054,,0.0,,0.0,8.75,12.596895,13.97994,-5.229939999999999,-0.3610290107727039,12.957924228668212,12.596895217895508,115.0,82.0,84.0,89.0,119.0,59.0
67,589,12.850000000000025,Celcius,molar,"InChI=1S/C3H8O/c1-2-3-4/h4H,2-3H2,1H3",0.968,"InChI=1S/C7H16/c1-3-5-7-6-4-2/h3-7H2,1-2H3",0.032,,0.0,,0.0,12.850000000000025,13.11191,14.39552,-1.545519999999975,-0.2233669738769528,13.33527684020996,13.111909866333008,83.0,77.0,83.0,87.0,69.0,52.0
68,590,16.850000000000023,Celcius,molar,"InChI=1S/C3H8O/c1-2-3-4/h4H,2-3H2,1H3",0.979,"InChI=1S/C7H16/c1-3-5-7-6-4-2/h3-7H2,1-2H3",0.021,,0.0,,0.0,16.850000000000023,13.375574,14.60331,2.2466900000000223,-0.1483790340423585,13.523953145980837,13.375574111938477,57.5,76.0,82.0,86.0,19.0,43.0
69,591,22.850000000000023,Celcius,molar,"InChI=1S/C3H8O/c1-2-3-4/h4H,2-3H2,1H3",0.99,"InChI=1S/C7H16/c1-3-5-7-6-4-2/h3-7H2,1-2H3",0.01,,0.0,,0.0,22.850000000000023,13.641958,14.8111,8.038900000000023,-0.0706712150573718,13.712629451751708,13.641958236694336,39.0,74.0,81.0,85.0,4.0,32.0
70,611,4.650000000000034,Celcius,molar,"InChI=1S/C7H8/c1-7-5-3-2-4-6-7/h2-6H,1H3",0.866,"InChI=1S/C3H8O/c1-3(2)4/h3-4H,1-2H3",0.134,,0.0,,0.0,4.650000000000034,3.1461487,5.0318000000000005,-0.3817999999999664,-0.1355923957824707,3.281741077423096,3.146148681640625,135.0,154.0,158.0,167.0,56.0,38.0
71,612,3.650000000000034,Celcius,molar,"InChI=1S/C7H8/c1-7-5-3-2-4-6-7/h2-6H,1H3",0.742,"InChI=1S/C3H8O/c1-3(2)4/h3-4H,1-2H3",0.258,,0.0,,0.0,3.650000000000034,3.9648514,5.986599999999999,-2.336599999999965,-0.8547800865173336,4.819631465911865,3.9648513793945312,145.5,148.0,154.0,158.0,78.0,76.0
72,613,4.650000000000034,Celcius,molar,"InChI=1S/C7H8/c1-7-5-3-2-4-6-7/h2-6H,1H3",0.627,"InChI=1S/C3H8O/c1-3(2)4/h3-4H,1-2H3",0.373,,0.0,,0.0,4.650000000000034,4.095688,6.8721,-2.222099999999965,-2.150212911605835,6.2459007778167726,4.0956878662109375,135.0,146.0,147.0,147.0,76.0,120.0
73,614,3.650000000000034,Celcius,molar,"InChI=1S/C7H8/c1-7-5-3-2-4-6-7/h2-6H,1H3",0.519,"InChI=1S/C3H8O/c1-3(2)4/h3-4H,1-2H3",0.481,,0.0,,0.0,3.650000000000034,2.9712486,7.703699999999999,-4.053699999999965,-4.614105070114135,7.58535369682312,2.9712486267089844,145.5,155.0,144.0,138.0,104.0,164.0
74,615,4.650000000000034,Celcius,molar,"InChI=1S/C3H8O/c1-3(2)4/h3-4H,1-2H3",0.581,"InChI=1S/C7H8/c1-7-5-3-2-4-6-7/h2-6H,1H3",0.419,,0.0,,0.0,4.650000000000034,4.6174126,8.4737,-3.823699999999965,-4.208175313949585,8.825587881088257,4.617412567138672,135.0,141.0,140.0,122.0,100.0,160.0
75,616,4.25,Celcius,molar,"InChI=1S/C3H8O/c1-3(2)4/h3-4H,1-2H3",0.657,"InChI=1S/C7H8/c1-7-5-3-2-4-6-7/h2-6H,1H3",0.343,,0.0,,0.0,4.25,6.5291023,9.0589,-4.8089,-3.239063535690308,9.76816586112976,6.529102325439453,139.0,130.0,135.0,104.0,113.0,143.0
76,617,4.650000000000034,Celcius,molar,"InChI=1S/C3H8O/c1-3(2)4/h3-4H,1-2H3",0.676,"InChI=1S/C7H8/c1-7-5-3-2-4-6-7/h2-6H,1H3",0.324,,0.0,,0.0,4.650000000000034,7.065653,9.2052,-4.5551999999999655,-2.9381575088500984,10.003810356140136,7.065652847290039,135.0,127.0,133.0,102.0,111.0,139.0
77,618,4.650000000000034,Celcius,molar,"InChI=1S/C3H8O/c1-3(2)4/h3-4H,1-2H3",0.764,"InChI=1S/C7H8/c1-7-5-3-2-4-6-7/h2-6H,1H3",0.236,,0.0,,0.0,4.650000000000034,9.486185,9.8828,-5.2327999999999655,-1.6090313644409182,11.095216438293455,9.48618507385254,135.0,95.0,126.0,97.0,120.0,100.0
78,619,6.650000000000034,Celcius,molar,"InChI=1S/C3H8O/c1-3(2)4/h3-4H,1-2H3",0.847,"InChI=1S/C7H8/c1-7-5-3-2-4-6-7/h2-6H,1H3",0.153,,0.0,,0.0,6.650000000000034,11.290806,10.5219,-3.8718999999999646,-0.8338049945831294,12.12461081123352,11.29080581665039,123.5,88.0,123.0,94.0,102.0,74.0
79,620,8.650000000000034,Celcius,molar,"InChI=1S/C3H8O/c1-3(2)4/h3-4H,1-2H3",0.926,"InChI=1S/C7H8/c1-7-5-3-2-4-6-7/h2-6H,1H3",0.074,,0.0,,0.0,8.650000000000034,12.726648,11.1302,-2.4801999999999644,-0.3777474861145027,13.10439581680298,12.726648330688477,116.0,81.0,120.0,88.0,79.0,60.0
80,659,8.850000000000023,Celcius,molar,"InChI=1S/C7H8/c1-7-5-3-2-4-6-7/h2-6H,1H3",0.886,"InChI=1S/C4H10O/c1-2-3-4-5/h5H,2-4H2,1H3",0.114,,0.0,,0.0,8.850000000000023,4.224186,7.762,1.0880000000000225,-0.7056143493652343,4.92980029296875,4.224185943603516,113.0,145.0,143.0,156.0,32.0,70.0
81,660,8.850000000000023,Celcius,molar,"InChI=1S/C7H8/c1-7-5-3-2-4-6-7/h2-6H,1H3",0.775,"InChI=1S/C4H10O/c1-2-3-4-5/h5H,2-4H2,1H3",0.225,,0.0,,0.0,8.850000000000023,6.9410706,11.425,-2.574999999999978,-1.211598205566407,8.152668762207032,6.941070556640625,113.0,129.0,116.0,132.0,83.0,89.0
82,661,5.45,Celcius,molar,"InChI=1S/C7H8/c1-7-5-3-2-4-6-7/h2-6H,1H3",0.758,"InChI=1S/C4H10O/c1-2-3-4-5/h5H,2-4H2,1H3",0.242,,0.0,,0.0,5.45,7.328642,11.986,-6.5360000000000005,-1.3176193389892568,8.646261230468749,7.328641891479492,127.0,124.0,111.0,129.0,132.0,93.0
83,662,9.850000000000025,Celcius,molar,"InChI=1S/C7H8/c1-7-5-3-2-4-6-7/h2-6H,1H3",0.668,"InChI=1S/C4H10O/c1-2-3-4-5/h5H,2-4H2,1H3",0.332,,0.0,,0.0,9.850000000000025,9.510361,14.956,-5.105999999999977,-1.749037109375001,11.25939782714844,9.510360717773438,102.5,94.0,78.0,96.0,116.0,104.0
84,663,12.05,Celcius,molar,"InChI=1S/C7H8/c1-7-5-3-2-4-6-7/h2-6H,1H3",0.626,"InChI=1S/C4H10O/c1-2-3-4-5/h5H,2-4H2,1H3",0.374,,0.0,,0.0,12.05,10.4996605,16.342,-4.291999999999998,-1.979201080322266,12.478861572265624,10.49966049194336,90.0,91.0,72.0,92.0,108.0,113.0
85,664,9.850000000000025,Celcius,molar,"InChI=1S/C7H8/c1-7-5-3-2-4-6-7/h2-6H,1H3",0.564,"InChI=1S/C4H10O/c1-2-3-4-5/h5H,2-4H2,1H3",0.436,,0.0,,0.0,9.850000000000025,11.333195,18.388,-8.537999999999977,-2.9458276062011706,14.279022338867186,11.333194732666016,102.5,87.0,67.0,82.0,144.0,140.0
86,665,10.850000000000025,Celcius,molar,"InChI=1S/C4H10O/c1-2-3-4-5/h5H,2-4H2,1H3",0.537,"InChI=1S/C7H8/c1-7-5-3-2-4-6-7/h2-6H,1H3",0.463,,0.0,,0.0,10.850000000000025,12.492765,21.721,-10.870999999999976,-4.718776870727542,17.211542297363284,12.492765426635742,96.5,83.0,59.0,75.0,157.0,166.0
87,666,11.850000000000025,Celcius,molar,"InChI=1S/C4H10O/c1-2-3-4-5/h5H,2-4H2,1H3",0.635,"InChI=1S/C7H8/c1-7-5-3-2-4-6-7/h2-6H,1H3",0.365,,0.0,,0.0,11.850000000000025,14.053659,24.955,-13.104999999999976,-6.003298263549805,20.05695770263672,14.053659439086914,91.5,72.0,52.0,69.0,169.0,181.0
88,667,13.950000000000044,Celcius,molar,"InChI=1S/C4H10O/c1-2-3-4-5/h5H,2-4H2,1H3",0.73,"InChI=1S/C7H8/c1-7-5-3-2-4-6-7/h2-6H,1H3",0.27,,0.0,,0.0,13.950000000000044,16.203197,28.09,-14.139999999999953,-6.612071075439452,22.8152685546875,16.203197479248047,69.0,69.0,45.0,66.0,174.0,190.0
89,668,17.950000000000045,Celcius,molar,"InChI=1S/C4H10O/c1-2-3-4-5/h5H,2-4H2,1H3",0.823,"InChI=1S/C7H8/c1-7-5-3-2-4-6-7/h2-6H,1H3",0.177,,0.0,,0.0,17.950000000000045,19.333616,31.158999999999995,-13.20899999999995,-6.181893447875975,25.51550970458984,19.333616256713867,52.0,62.0,40.0,59.0,170.0,182.0
90,669,23.950000000000045,Celcius,molar,"InChI=1S/C4H10O/c1-2-3-4-5/h5H,2-4H2,1H3",0.913,"InChI=1S/C7H8/c1-7-5-3-2-4-6-7/h2-6H,1H3",0.087,,0.0,,0.0,23.950000000000045,24.37315,34.129,-10.178999999999952,-3.7554964294433617,28.128646301269537,24.37314987182617,36.0,54.0,31.0,55.0,153.0,154.0
91,670,27.950000000000045,Celcius,molar,"InChI=1S/C4H10O/c1-2-3-4-5/h5H,2-4H2,1H3",0.948,"InChI=1S/C7H8/c1-7-5-3-2-4-6-7/h2-6H,1H3",0.052,,0.0,,0.0,27.950000000000045,26.812563,35.284,-7.3339999999999534,-2.332303146362303,29.144866088867182,26.812562942504883,34.0,50.0,28.0,53.0,137.0,124.0
92,671,33.950000000000045,Celcius,molar,"InChI=1S/C4H10O/c1-2-3-4-5/h5H,2-4H2,1H3",0.983,"InChI=1S/C7H8/c1-7-5-3-2-4-6-7/h2-6H,1H3",0.017,,0.0,,0.0,33.950000000000045,29.482082,36.439,-2.4889999999999546,-0.6790035095214826,30.16108587646484,29.48208236694336,28.0,46.0,27.0,50.0,81.0,68.0
93,715,34.900000000000034,Celcius,molar,"InChI=1S/C6H14O2/c1-2-3-5-8-6-4-7/h7H,2-6H2,1H3",0.971,"InChI=1S/C4H8O/c1-3-4(2)5/h3H2,1-2H3",0.029,,0.0,,0.0,34.900000000000034,63.823242,59.048300000000005,-24.14829999999997,-0.8433870010375983,64.6666291885376,63.8232421875,25.0,10.0,10.0,10.0,188.0,75.0
94,716,19.700000000000017,Celcius,molar,"InChI=1S/C6H14O2/c1-2-3-5-8-6-4-7/h7H,2-6H2,1H3",0.861,"InChI=1S/C4H8O/c1-3-4(2)5/h3H2,1-2H3",0.139,,0.0,,0.0,19.700000000000017,50.35031,51.6453,-31.945299999999985,-6.200132835388182,56.55044411468506,50.35031127929688,46.0,14.0,14.0,14.0,191.0,183.0
95,717,12.700000000000015,Celcius,molar,"InChI=1S/C6H14O2/c1-2-3-5-8-6-4-7/h7H,2-6H2,1H3",0.733,"InChI=1S/C4H8O/c1-3-4(2)5/h3H2,1-2H3",0.267,,0.0,,0.0,12.700000000000015,40.50954,43.0309,-30.330899999999986,-6.596615470886228,47.10615602874756,40.50954055786133,84.0,32.0,20.0,20.0,190.0,189.0
96,718,7.200000000000017,Celcius,molar,"InChI=1S/C6H14O2/c1-2-3-5-8-6-4-7/h7H,2-6H2,1H3",0.616,"InChI=1S/C4H8O/c1-3-4(2)5/h3H2,1-2H3",0.384,,0.0,,0.0,7.200000000000017,28.794834,35.156800000000004,-27.956799999999987,-9.67865231323242,38.47348645019531,28.79483413696289,121.0,47.0,29.0,38.0,189.0,198.0
97,719,4.200000000000017,Celcius,molar,"InChI=1S/C6H14O2/c1-2-3-5-8-6-4-7/h7H,2-6H2,1H3",0.507,"InChI=1S/C4H8O/c1-3-4(2)5/h3H2,1-2H3",0.493,,0.0,,0.0,4.200000000000017,17.124733,27.8211,-23.621099999999984,-13.306351905822758,30.431084877014165,17.124732971191406,140.0,66.0,46.0,49.0,187.0,200.0
98,720,2.700000000000017,Celcius,molar,"InChI=1S/C4H8O/c1-3-4(2)5/h3H2,1-2H3",0.593,"InChI=1S/C6H14O2/c1-2-3-5-8-6-4-7/h7H,2-6H2,1H3",0.407,,0.0,,0.0,2.700000000000017,9.059153,21.0911,-18.39109999999998,-13.993582206726074,23.05273480987549,9.059152603149414,152.0,107.0,61.0,64.0,184.0,201.0
99,721,0.700000000000017,Celcius,molar,"InChI=1S/C4H8O/c1-3-4(2)5/h3H2,1-2H3",0.686,"InChI=1S/C6H14O2/c1-2-3-5-8-6-4-7/h7H,2-6H2,1H3",0.314,,0.0,,0.0,0.700000000000017,4.588745,14.8322,-14.132199999999983,-11.602124130249024,16.190869247436524,4.5887451171875,160.0,143.0,80.0,77.0,173.0,199.0
100,722,-0.2999999999999829,Celcius,molar,"InChI=1S/C4H8O/c1-3-4(2)5/h3H2,1-2H3",0.773,"InChI=1S/C6H14O2/c1-2-3-5-8-6-4-7/h7H,2-6H2,1H3",0.227,,0.0,,0.0,-0.2999999999999829,1.2435951,8.9771,-9.277099999999985,-8.528109565734862,9.771704689025878,1.2435951232910156,166.0,167.0,136.0,103.0,148.0,197.0
101,723,-2.299999999999983,Celcius,molar,"InChI=1S/C4H8O/c1-3-4(2)5/h3H2,1-2H3",0.853,"InChI=1S/C6H14O2/c1-2-3-5-8-6-4-7/h7H,2-6H2,1H3",0.147,,0.0,,0.0,-2.299999999999983,-1.6872902,3.593099999999999,-5.893099999999982,-5.556314826965331,3.8690246353149407,-1.6872901916503906,173.0,184.0,164.0,164.0,125.0,176.0
102,724,-3.299999999999983,Celcius,molar,"InChI=1S/C4H8O/c1-3-4(2)5/h3H2,1-2H3",0.929,"InChI=1S/C6H14O2/c1-2-3-5-8-6-4-7/h7H,2-6H2,1H3",0.071,,0.0,,0.0,-3.299999999999983,-4.434353,-1.521700000000001,-1.778299999999982,-2.6958314590454098,-1.7385214157104496,-4.434352874755859,181.0,195.0,181.0,190.0,71.0,131.0
103,725,7.650000000000034,Celcius,molar,"InChI=1S/C7H8/c1-7-5-3-2-4-6-7/h2-6H,1H3",0.976,"InChI=1S/C4H8O/c1-3-4(2)5/h3H2,1-2H3",0.024,,0.0,,0.0,7.650000000000034,1.2470474,3.7528,3.8972000000000335,-0.1664523925781251,1.4134998168945314,1.2470474243164062,119.5,166.0,162.0,174.0,8.0,45.0
104,726,6.650000000000034,Celcius,molar,"InChI=1S/C7H8/c1-7-5-3-2-4-6-7/h2-6H,1H3",0.953,"InChI=1S/C4H8O/c1-3-4(2)5/h3H2,1-2H3",0.047,,0.0,,0.0,6.650000000000034,0.9822502,3.5159,3.1341000000000343,-0.2335191268920897,1.2157693405151366,0.9822502136230468,123.5,170.0,165.0,176.0,11.0,53.0
105,727,5.650000000000034,Celcius,molar,"InChI=1S/C7H8/c1-7-5-3-2-4-6-7/h2-6H,1H3",0.93,"InChI=1S/C4H8O/c1-3-4(2)5/h3H2,1-2H3",0.07,,0.0,,0.0,5.650000000000034,0.7182617,3.2790000000000004,2.3710000000000337,-0.2997771453857423,1.0180388641357423,0.71826171875,126.0,172.0,166.0,178.0,17.0,55.0
106,728,4.650000000000034,Celcius,molar,"InChI=1S/C7H8/c1-7-5-3-2-4-6-7/h2-6H,1H3",0.884,"InChI=1S/C4H8O/c1-3-4(2)5/h3H2,1-2H3",0.116,,0.0,,0.0,4.650000000000034,0.086006165,2.8052,1.844800000000034,-0.5365717468261718,0.6225779113769531,0.0860061645507812,135.0,175.0,169.0,180.0,23.0,64.0
107,729,2.650000000000034,Celcius,molar,"InChI=1S/C7H8/c1-7-5-3-2-4-6-7/h2-6H,1H3",0.771,"InChI=1S/C4H8O/c1-3-4(2)5/h3H2,1-2H3",0.229,,0.0,,0.0,2.650000000000034,-1.3574867,1.6413,1.008700000000034,-1.0086062088012695,-0.3488805160522461,-1.3574867248535156,153.5,183.0,172.0,186.0,35.0,80.0
108,730,2.550000000000012,Celcius,molar,"InChI=1S/C7H8/c1-7-5-3-2-4-6-7/h2-6H,1H3",0.663,"InChI=1S/C4H8O/c1-3-4(2)5/h3H2,1-2H3",0.337,,0.0,,0.0,2.550000000000012,-2.5045395,0.5289000000000001,2.021100000000012,-1.227185432434082,-1.2773540573120117,-2.5045394897460938,155.5,187.0,176.0,189.0,22.0,90.0
109,731,2.550000000000012,Celcius,molar,"InChI=1S/C7H8/c1-7-5-3-2-4-6-7/h2-6H,1H3",0.559,"InChI=1S/C4H8O/c1-3-4(2)5/h3H2,1-2H3",0.441,,0.0,,0.0,2.550000000000012,-3.2501602,-0.5422999999999996,3.092300000000012,-1.078720527648926,-2.1714396896362302,-3.250160217285156,155.5,189.0,179.0,192.0,12.0,84.0
110,732,-0.4499999999999886,Celcius,molar,"InChI=1S/C4H8O/c1-3-4(2)5/h3H2,1-2H3",0.542,"InChI=1S/C7H8/c1-7-5-3-2-4-6-7/h2-6H,1H3",0.458,,0.0,,0.0,-0.4499999999999886,-4.3508873,-1.5826,1.1326000000000114,-1.3111529083251954,-3.039734390258789,-4.350887298583984,169.0,194.0,182.0,195.0,30.0,92.0
111,733,-2.4499999999999886,Celcius,molar,"InChI=1S/C4H8O/c1-3-4(2)5/h3H2,1-2H3",0.64,"InChI=1S/C7H8/c1-7-5-3-2-4-6-7/h2-6H,1H3",0.36,,0.0,,0.0,-2.4499999999999886,-5.7250137,-2.592,0.1420000000000114,-1.8427755737304683,-3.882238159179688,-5.725013732910156,175.0,197.0,185.0,197.0,47.0,108.0
112,734,-3.4499999999999886,Celcius,molar,"InChI=1S/C4H8O/c1-3-4(2)5/h3H2,1-2H3",0.734,"InChI=1S/C7H8/c1-7-5-3-2-4-6-7/h2-6H,1H3",0.266,,0.0,,0.0,-3.4499999999999886,-6.281395,-3.5602,0.1102000000000114,-1.5910409393310545,-4.69035401916504,-6.281394958496094,184.5,198.0,187.0,198.0,49.0,98.0
113,735,-3.4499999999999886,Celcius,molar,"InChI=1S/C4H8O/c1-3-4(2)5/h3H2,1-2H3",0.826,"InChI=1S/C7H8/c1-7-5-3-2-4-6-7/h2-6H,1H3",0.174,,0.0,,0.0,-3.4499999999999886,-6.643257,-4.5078,1.057800000000011,-1.1619812164306644,-5.481275924682617,-6.643257141113281,184.5,199.0,189.0,199.0,33.0,86.0
114,736,-5.449999999999989,Celcius,molar,"InChI=1S/C4H8O/c1-3-4(2)5/h3H2,1-2H3",0.914,"InChI=1S/C7H8/c1-7-5-3-2-4-6-7/h2-6H,1H3",0.086,,0.0,,0.0,-5.449999999999989,-7.0135727,-5.4142,-0.0357999999999885,-0.7757627716064448,-6.237809921264649,-7.013572692871094,189.0,200.0,190.0,200.0,54.0,73.0
115,746,43.25,Celcius,molar,"InChI=1S/C5H12O/c1-2-3-4-5-6/h6H,2-5H2,1H3",0.973,"InChI=1S/C4H8O2/c1-3-6-4(2)5/h3H2,1-2H3",0.027,,0.0,,0.0,43.25,48.23693,,,0.1547988052368154,48.08213204193115,48.23693084716797,14.0,17.0,,19.0,,12.0
116,747,23.25,Celcius,molar,"InChI=1S/C5H12O/c1-2-3-4-5-6/h6H,2-5H2,1H3",0.868,"InChI=1S/C4H8O2/c1-3-6-4(2)5/h3H2,1-2H3",0.132,,0.0,,0.0,23.25,41.500378,,,-1.0564153747558649,42.55679302978516,41.5003776550293,38.0,30.0,,26.0,,83.0
117,748,9.25,Celcius,molar,"InChI=1S/C5H12O/c1-2-3-4-5-6/h6H,2-5H2,1H3",0.745,"InChI=1S/C4H8O2/c1-3-6-4(2)5/h3H2,1-2H3",0.255,,0.0,,0.0,9.25,32.934227,,,-3.150026054382323,36.08425304412842,32.934226989746094,110.0,42.0,,43.0,,142.0
118,749,5.25,Celcius,molar,"InChI=1S/C5H12O/c1-2-3-4-5-6/h6H,2-5H2,1H3",0.63,"InChI=1S/C4H8O2/c1-3-6-4(2)5/h3H2,1-2H3",0.37,,0.0,,0.0,5.25,24.317898,,,-5.71479347229004,30.0326912689209,24.31789779663086,129.0,55.0,,52.0,,177.0
119,750,5.25,Celcius,molar,"InChI=1S/C5H12O/c1-2-3-4-5-6/h6H,2-5H2,1H3",0.523,"InChI=1S/C4H8O2/c1-3-6-4(2)5/h3H2,1-2H3",0.477,,0.0,,0.0,5.25,17.825544,,,-6.576563346862795,24.4021077041626,17.825544357299805,129.0,63.0,,62.0,,187.0
120,751,5.25,Celcius,molar,"InChI=1S/C4H8O2/c1-3-6-4(2)5/h3H2,1-2H3",0.578,"InChI=1S/C5H12O/c1-2-3-4-5-6/h6H,2-5H2,1H3",0.422,,0.0,,0.0,5.25,12.369995,,,-6.717262680053711,19.08725779724121,12.3699951171875,129.0,84.0,,72.0,,192.0
121,752,3.25,Celcius,molar,"InChI=1S/C4H8O2/c1-3-6-4(2)5/h3H2,1-2H3",0.672,"InChI=1S/C5H12O/c1-2-3-4-5-6/h6H,2-5H2,1H3",0.328,,0.0,,0.0,3.25,8.224827,,,-5.91593701171875,14.14076382446289,8.22482681274414,149.0,119.0,,84.0,,178.0
122,753,3.3500000000000227,Celcius,molar,"InChI=1S/C4H8O2/c1-3-6-4(2)5/h3H2,1-2H3",0.762,"InChI=1S/C5H12O/c1-2-3-4-5-6/h6H,2-5H2,1H3",0.238,,0.0,,0.0,3.3500000000000227,4.6341553,,,-4.7706036834716805,9.40475895690918,4.6341552734375,148.0,140.0,,112.0,,167.0
123,754,0.5500000000000114,Celcius,molar,"InChI=1S/C4H8O2/c1-3-6-4(2)5/h3H2,1-2H3",0.846,"InChI=1S/C5H12O/c1-2-3-4-5-6/h6H,2-5H2,1H3",0.154,,0.0,,0.0,0.5500000000000114,1.6075325,,,-3.37695524597168,4.984487747192383,1.6075325012207031,161.5,164.0,,155.0,,146.0
124,755,0.5500000000000114,Celcius,molar,"InChI=1S/C4H8O2/c1-3-6-4(2)5/h3H2,1-2H3",0.925,"InChI=1S/C5H12O/c1-2-3-4-5-6/h6H,2-5H2,1H3",0.075,,0.0,,0.0,0.5500000000000114,-0.9710083,,,-1.798336219787597,0.827327919006347,-0.97100830078125,161.5,178.0,,179.0,,105.0
125,775,9.850000000000025,Celcius,molar,"InChI=1S/C7H8/c1-7-5-3-2-4-6-7/h2-6H,1H3",0.902,"InChI=1S/C5H12O/c1-2-3-4-5-6/h6H,2-5H2,1H3",0.098,,0.0,,0.0,9.850000000000025,5.0633545,6.8420000000000005,3.008000000000024,-1.2490171890258788,6.312371681213379,5.0633544921875,102.5,136.0,148.0,146.0,14.0,91.0
126,776,9.850000000000025,Celcius,molar,"InChI=1S/C7H8/c1-7-5-3-2-4-6-7/h2-6H,1H3",0.803,"InChI=1S/C5H12O/c1-2-3-4-5-6/h6H,2-5H2,1H3",0.197,,0.0,,0.0,9.850000000000025,8.983953,9.713,0.1370000000000235,-2.0688457221984877,11.052799198150636,8.983953475952148,102.5,110.0,129.0,98.0,48.0,117.0
127,777,10.850000000000025,Celcius,molar,"InChI=1S/C7H8/c1-7-5-3-2-4-6-7/h2-6H,1H3",0.704,"InChI=1S/C5H12O/c1-2-3-4-5-6/h6H,2-5H2,1H3",0.296,,0.0,,0.0,10.850000000000025,12.888821,12.584,-1.7339999999999751,-2.90440606689453,15.79322671508789,12.88882064819336,96.5,78.0,95.0,78.0,70.0,138.0
128,778,10.850000000000025,Celcius,molar,"InChI=1S/C7H8/c1-7-5-3-2-4-6-7/h2-6H,1H3",0.604,"InChI=1S/C5H12O/c1-2-3-4-5-6/h6H,2-5H2,1H3",0.396,,0.0,,0.0,10.850000000000025,17.094387,15.484000000000002,-4.633999999999977,-3.487150283813478,20.58153733825684,17.09438705444336,96.5,67.0,76.0,68.0,112.0,149.0
129,779,11.850000000000025,Celcius,molar,"InChI=1S/C7H8/c1-7-5-3-2-4-6-7/h2-6H,1H3",0.504,"InChI=1S/C5H12O/c1-2-3-4-5-6/h6H,2-5H2,1H3",0.496,,0.0,,0.0,11.850000000000025,20.36085,18.384,-6.533999999999976,-5.008998580932616,25.36984796142578,20.360849380493164,91.5,60.0,68.0,60.0,131.0,169.0
130,780,13.850000000000025,Celcius,molar,"InChI=1S/C5H12O/c1-2-3-4-5-6/h6H,2-5H2,1H3",0.596,"InChI=1S/C7H8/c1-7-5-3-2-4-6-7/h2-6H,1H3",0.404,,0.0,,0.0,13.850000000000025,23.629246,21.284,-7.433999999999974,-6.528912826538086,30.158158584594727,23.62924575805664,70.0,56.0,60.0,51.0,138.0,186.0
131,781,15.850000000000025,Celcius,molar,"InChI=1S/C5H12O/c1-2-3-4-5-6/h6H,2-5H2,1H3",0.696,"InChI=1S/C7H8/c1-7-5-3-2-4-6-7/h2-6H,1H3",0.304,,0.0,,0.0,15.850000000000025,27.263382,24.184,-8.333999999999977,-7.683087249755857,34.94646920776367,27.26338195800781,60.0,48.0,54.0,44.0,142.0,196.0
132,782,20.850000000000023,Celcius,molar,"InChI=1S/C5H12O/c1-2-3-4-5-6/h6H,2-5H2,1H3",0.797,"InChI=1S/C7H8/c1-7-5-3-2-4-6-7/h2-6H,1H3",0.203,,0.0,,0.0,20.850000000000023,34.33075,27.113000000000003,-6.26299999999998,-5.451913425445554,39.782662937164304,34.33074951171875,43.5,40.0,49.0,34.0,129.0,175.0
133,783,29.850000000000023,Celcius,molar,"InChI=1S/C5H12O/c1-2-3-4-5-6/h6H,2-5H2,1H3",0.898,"InChI=1S/C7H8/c1-7-5-3-2-4-6-7/h2-6H,1H3",0.102,,0.0,,0.0,29.850000000000023,42.592472,30.042,-0.1919999999999788,-2.026384590148929,44.61885666656495,42.592472076416016,32.0,28.0,42.0,24.0,55.0,114.0
134,784,34.85000000000002,Celcius,molar,"InChI=1S/C5H12O/c1-2-3-4-5-6/h6H,2-5H2,1H3",0.939,"InChI=1S/C7H8/c1-7-5-3-2-4-6-7/h2-6H,1H3",0.061,,0.0,,0.0,34.85000000000002,45.928623,31.231,3.6190000000000246,-0.6534408226013184,46.58206402206421,45.92862319946289,26.0,21.0,39.0,22.0,9.0,66.0
135,785,43.85000000000002,Celcius,molar,"InChI=1S/C5H12O/c1-2-3-4-5-6/h6H,2-5H2,1H3",0.98,"InChI=1S/C7H8/c1-7-5-3-2-4-6-7/h2-6H,1H3",0.02,,0.0,,0.0,43.85000000000002,48.560036,32.419999999999995,11.430000000000028,0.0147643280029257,48.54527137756348,48.560035705566406,12.5,16.0,35.0,18.0,2.0,20.0
136,786,14.850000000000025,Celcius,molar,"InChI=1S/C8H18/c1-3-5-7-8-6-4-2/h3-8H2,1-2H3",0.857,"InChI=1S/C5H12O/c1-2-3-4-5-6/h6H,2-5H2,1H3",0.143,,0.0,,0.0,14.850000000000025,12.869993,15.86,-1.009999999999975,-1.3674494647979731,14.23744267463684,12.869993209838867,65.0,79.0,74.0,83.0,62.0,96.0
137,787,15.850000000000025,Celcius,molar,"InChI=1S/C8H18/c1-3-5-7-8-6-4-2/h3-8H2,1-2H3",0.727,"InChI=1S/C5H12O/c1-2-3-4-5-6/h6H,2-5H2,1H3",0.273,,0.0,,0.0,15.850000000000025,17.518467,18.46,-2.6099999999999763,-2.068466749191284,19.58693369865417,17.51846694946289,60.0,65.0,66.0,71.0,84.0,116.0
138,788,15.850000000000025,Celcius,molar,"InChI=1S/C8H18/c1-3-5-7-8-6-4-2/h3-8H2,1-2H3",0.609,"InChI=1S/C5H12O/c1-2-3-4-5-6/h6H,2-5H2,1H3",0.391,,0.0,,0.0,15.850000000000025,21.972486,20.82,-4.969999999999976,-2.4701390552520763,24.44262555122376,21.97248649597168,60.0,57.0,62.0,61.0,115.0,126.0
139,789,16.850000000000023,Celcius,molar,"InChI=1S/C5H12O/c1-2-3-4-5-6/h6H,2-5H2,1H3",0.5,"InChI=1S/C8H18/c1-3-5-7-8-6-4-2/h3-8H2,1-2H3",0.5,,0.0,,0.0,16.850000000000023,26.736647,23.0,-6.149999999999977,-2.19132137298584,28.92796802520752,26.73664665222168,57.5,51.0,57.0,54.0,128.0,121.0
140,790,17.850000000000023,Celcius,molar,"InChI=1S/C5H12O/c1-2-3-4-5-6/h6H,2-5H2,1H3",0.6,"InChI=1S/C8H18/c1-3-5-7-8-6-4-2/h3-8H2,1-2H3",0.4,,0.0,,0.0,17.850000000000023,31.868757,25.0,-7.149999999999977,-1.174203872680664,33.04296112060547,31.868757247924805,53.0,44.0,51.0,47.0,135.0,87.0
141,791,18.850000000000023,Celcius,molar,"InChI=1S/C5H12O/c1-2-3-4-5-6/h6H,2-5H2,1H3",0.692,"InChI=1S/C8H18/c1-3-5-7-8-6-4-2/h3-8H2,1-2H3",0.308,,0.0,,0.0,18.850000000000023,36.745808,26.84,-7.989999999999974,-0.0829471206665033,36.82875476837158,36.74580764770508,50.0,37.0,50.0,41.0,141.0,34.0
142,792,20.850000000000023,Celcius,molar,"InChI=1S/C5H12O/c1-2-3-4-5-6/h6H,2-5H2,1H3",0.778,"InChI=1S/C8H18/c1-3-5-7-8-6-4-2/h3-8H2,1-2H3",0.222,,0.0,,0.0,20.850000000000023,41.12594,28.56,-7.709999999999976,0.7582895851135234,40.36764883041382,41.125938415527344,43.5,31.0,43.0,31.0,139.0,9.0
143,793,23.850000000000023,Celcius,molar,"InChI=1S/C5H12O/c1-2-3-4-5-6/h6H,2-5H2,1H3",0.857,"InChI=1S/C8H18/c1-3-5-7-8-6-4-2/h3-8H2,1-2H3",0.143,,0.0,,0.0,23.850000000000023,44.988987,30.14,-6.289999999999974,1.37049359321594,43.6184933757782,44.98898696899414,37.0,22.0,41.0,25.0,130.0,6.0
144,794,30.850000000000023,Celcius,molar,"InChI=1S/C5H12O/c1-2-3-4-5-6/h6H,2-5H2,1H3",0.931,"InChI=1S/C8H18/c1-3-5-7-8-6-4-2/h3-8H2,1-2H3",0.069,,0.0,,0.0,30.850000000000023,47.770844,31.62,-0.7699999999999783,1.1072552394866904,46.663588266372685,47.770843505859375,31.0,19.0,38.0,21.0,59.0,7.0
145,795,44.85000000000002,Celcius,molar,"InChI=1S/C5H12O/c1-2-3-4-5-6/h6H,2-5H2,1H3",0.987,"InChI=1S/C8H18/c1-3-5-7-8-6-4-2/h3-8H2,1-2H3",0.013,,0.0,,0.0,44.85000000000002,49.2134,32.739999999999995,12.110000000000028,0.2454173946380606,48.96798439979553,49.2134017944336,11.0,15.0,33.0,17.0,1.0,11.0
146,796,9.650000000000034,Celcius,molar,"InChI=1S/CH4O/c1-2/h2H,1H3",0.992,"InChI=1S/C5H12O/c1-2-3-4-5-6/h6H,2-5H2,1H3",0.008,,0.0,,0.0,9.650000000000034,8.887325,12.168,-2.517999999999965,-0.1745756225585939,9.061900909423828,8.887325286865234,106.5,112.0,104.0,118.0,82.0,47.0
147,797,9.100000000000025,Celcius,molar,"InChI=1S/CH4O/c1-2/h2H,1H3",0.985,"InChI=1S/C5H12O/c1-2-3-4-5-6/h6H,2-5H2,1H3",0.015,,0.0,,0.0,9.100000000000025,9.020065,12.315,-3.214999999999975,-0.3272057914733892,9.347271099090577,9.020065307617188,111.0,109.0,101.0,114.0,93.0,57.0
148,798,9.550000000000011,Celcius,molar,"InChI=1S/CH4O/c1-2/h2H,1H3",0.977,"InChI=1S/C5H12O/c1-2-3-4-5-6/h6H,2-5H2,1H3",0.023,,0.0,,0.0,9.550000000000011,9.171787,12.483,-2.932999999999989,-0.5016211967468269,9.673408458709718,9.17178726196289,108.5,99.0,98.0,107.0,90.0,63.0
149,799,9.550000000000011,Celcius,molar,"InChI=1S/CH4O/c1-2/h2H,1H3",0.968,"InChI=1S/C5H12O/c1-2-3-4-5-6/h6H,2-5H2,1H3",0.032,,0.0,,0.0,9.550000000000011,9.342463,12.672,-3.121999999999989,-0.6978504486083974,10.040312988281247,9.342462539672852,108.5,98.0,92.0,101.0,92.0,69.0
150,800,10.550000000000011,Celcius,molar,"InChI=1S/CH4O/c1-2/h2H,1H3",0.914,"InChI=1S/C5H12O/c1-2-3-4-5-6/h6H,2-5H2,1H3",0.086,,0.0,,0.0,10.550000000000011,10.415197,13.806,-3.255999999999988,-1.8265427932739264,12.24174016571045,10.415197372436523,99.5,92.0,85.0,93.0,94.0,106.0
151,801,10.550000000000011,Celcius,molar,"InChI=1S/CH4O/c1-2/h2H,1H3",0.862,"InChI=1S/C5H12O/c1-2-3-4-5-6/h6H,2-5H2,1H3",0.138,,0.0,,0.0,10.550000000000011,11.597971,14.898,-4.347999999999988,-2.76366204071045,14.361633003234864,11.597970962524414,99.5,85.0,79.0,81.0,109.0,134.0
152,802,12.550000000000011,Celcius,molar,"InChI=1S/CH4O/c1-2/h2H,1H3",0.8,"InChI=1S/C5H12O/c1-2-3-4-5-6/h6H,2-5H2,1H3",0.2,,0.0,,0.0,12.550000000000011,13.468025,16.200000000000003,-3.649999999999992,-3.4211723327636747,16.889197540283206,13.468025207519531,85.0,75.0,73.0,76.0,99.0,148.0
153,803,13.550000000000011,Celcius,molar,"InChI=1S/CH4O/c1-2/h2H,1H3",0.728,"InChI=1S/C5H12O/c1-2-3-4-5-6/h6H,2-5H2,1H3",0.272,,0.0,,0.0,13.550000000000011,15.99214,17.712000000000003,-4.161999999999992,-3.832293960571288,19.824433776855468,15.99213981628418,73.0,70.0,71.0,70.0,106.0,157.0
154,804,13.75,Celcius,molar,"InChI=1S/CH4O/c1-2/h2H,1H3",0.64,"InChI=1S/C5H12O/c1-2-3-4-5-6/h6H,2-5H2,1H3",0.36,,0.0,,0.0,13.75,19.617558,19.56,-5.809999999999999,-3.7943872070312494,23.41194473266601,19.61755752563477,71.0,61.0,65.0,63.0,124.0,156.0
155,805,17.75,Celcius,molar,"InChI=1S/CH4O/c1-2/h2H,1H3",0.534,"InChI=1S/C5H12O/c1-2-3-4-5-6/h6H,2-5H2,1H3",0.466,,0.0,,0.0,17.75,24.442078,21.786,-4.036000000000001,-3.2911871109008786,27.73326474761963,24.44207763671875,54.0,53.0,58.0,56.0,103.0,144.0
156,806,22.75,Celcius,molar,"InChI=1S/C5H12O/c1-2-3-4-5-6/h6H,2-5H2,1H3",0.6,"InChI=1S/CH4O/c1-2/h2H,1H3",0.4,,0.0,,0.0,22.75,31.070168,24.6,-1.8500000000000012,-2.1258979797363224,33.19606552124023,31.070167541503903,40.0,45.0,53.0,45.0,72.0,118.0
157,807,31.75,Celcius,molar,"InChI=1S/C5H12O/c1-2-3-4-5-6/h6H,2-5H2,1H3",0.771,"InChI=1S/CH4O/c1-2/h2H,1H3",0.229,,0.0,,0.0,31.75,39.758602,28.191000000000003,3.558999999999997,-0.4086494407653802,40.167251583099365,39.758602142333984,30.0,33.0,44.0,32.0,10.0,62.0
158,863,13.100000000000025,Celcius,molar,"InChI=1S/CH4O/c1-2/h2H,1H3",0.967,"InChI=1S/C6H14O2/c1-2-3-5-8-6-4-7/h7H,2-6H2,1H3",0.033,,0.0,,0.0,13.100000000000025,9.994654,13.617,-0.5169999999999746,-0.6574392242431628,10.65209292602539,9.994653701782228,82.0,93.0,86.0,100.0,57.0,67.0
159,864,12.100000000000025,Celcius,molar,"InChI=1S/CH4O/c1-2/h2H,1H3",0.928,"InChI=1S/C6H14O2/c1-2-3-5-8-6-4-7/h7H,2-6H2,1H3",0.072,,0.0,,0.0,12.100000000000025,11.563692,15.528,-3.427999999999976,-1.3531537322998055,12.916845825195312,11.563692092895508,89.0,86.0,75.0,90.0,95.0,94.0
160,865,14.100000000000025,Celcius,molar,"InChI=1S/CH4O/c1-2/h2H,1H3",0.883,"InChI=1S/C6H14O2/c1-2-3-5-8-6-4-7/h7H,2-6H2,1H3",0.117,,0.0,,0.0,14.100000000000025,13.695459,17.733,-3.632999999999976,-1.8345628814697257,15.530022247314452,13.695459365844728,67.5,73.0,70.0,80.0,96.0,107.0
161,866,15.100000000000025,Celcius,molar,"InChI=1S/CH4O/c1-2/h2H,1H3",0.829,"InChI=1S/C6H14O2/c1-2-3-5-8-6-4-7/h7H,2-6H2,1H3",0.171,,0.0,,0.0,15.100000000000025,16.629967,20.379,-5.278999999999977,-2.0358672180175788,18.665833953857423,16.629966735839844,64.0,68.0,64.0,74.0,121.0,115.0
162,867,14.100000000000025,Celcius,molar,"InChI=1S/CH4O/c1-2/h2H,1H3",0.763,"InChI=1S/C6H14O2/c1-2-3-5-8-6-4-7/h7H,2-6H2,1H3",0.237,,0.0,,0.0,14.100000000000025,20.526114,23.613,-9.512999999999977,-1.9723791961669903,22.498492706298823,20.52611351013184,67.5,59.0,56.0,67.0,149.0,112.0
163,868,17.100000000000023,Celcius,molar,"InChI=1S/CH4O/c1-2/h2H,1H3",0.682,"InChI=1S/C6H14O2/c1-2-3-5-8-6-4-7/h7H,2-6H2,1H3",0.318,,0.0,,0.0,17.100000000000023,25.788254,27.582,-10.481999999999978,-1.4139564819335924,27.20221026611328,25.788253784179688,56.0,52.0,48.0,58.0,155.0,97.0
164,869,18.100000000000023,Celcius,molar,"InChI=1S/CH4O/c1-2/h2H,1H3",0.58,"InChI=1S/C6H14O2/c1-2-3-5-8-6-4-7/h7H,2-6H2,1H3",0.42,,0.0,,0.0,18.100000000000023,32.38547,32.58,-14.479999999999976,-0.7399388122558577,33.12541015625,32.38547134399414,51.0,43.0,34.0,46.0,175.0,72.0
165,870,22.100000000000023,Celcius,molar,"InChI=1S/C6H14O2/c1-2-3-5-8-6-4-7/h7H,2-6H2,1H3",0.554,"InChI=1S/CH4O/c1-2/h2H,1H3",0.446,,0.0,,0.0,22.100000000000023,38.556778,39.146,-17.045999999999978,-2.3500908813476613,40.90686883544922,38.55677795410156,42.0,36.0,23.0,29.0,180.0,125.0
166,871,34.10000000000002,Celcius,molar,"InChI=1S/C6H14O2/c1-2-3-5-8-6-4-7/h7H,2-6H2,1H3",0.736,"InChI=1S/CH4O/c1-2/h2H,1H3",0.264,,0.0,,0.0,34.10000000000002,46.069725,48.064,-13.963999999999976,-5.4059906616210895,51.47571569824218,46.06972503662109,27.0,20.0,16.0,16.0,171.0,173.0
167,872,43.10000000000002,Celcius,molar,"InChI=1S/C6H14O2/c1-2-3-5-8-6-4-7/h7H,2-6H2,1H3",0.829,"InChI=1S/CH4O/c1-2/h2H,1H3",0.171,,0.0,,0.0,43.10000000000002,52.307076,52.621,-9.520999999999972,-4.569204803466796,56.87628030395508,52.30707550048828,15.0,13.0,13.0,13.0,150.0,163.0
168,873,54.10000000000002,Celcius,molar,"InChI=1S/C6H14O2/c1-2-3-5-8-6-4-7/h7H,2-6H2,1H3",0.938,"InChI=1S/CH4O/c1-2/h2H,1H3",0.062,,0.0,,0.0,54.10000000000002,62.197586,57.962,-3.8619999999999735,-1.008388244628904,63.205974304199216,62.19758605957031,10.0,12.0,12.0,12.0,101.0,79.0
169,901,14.650000000000034,Celcius,molar,"InChI=1S/C8H18/c1-3-5-7-8-6-4-2/h3-8H2,1-2H3",0.978,"InChI=1S/C7H16/c1-3-5-7-6-4-2/h3-7H2,1-2H3",0.022,,0.0,,0.0,14.650000000000034,8.083775,12.62842,2.021580000000034,-0.0135606880187975,8.097335254669188,8.08377456665039,66.0,120.0,93.0,133.0,21.0,22.0
170,902,13.650000000000034,Celcius,molar,"InChI=1S/C8H18/c1-3-5-7-8-6-4-2/h3-8H2,1-2H3",0.956,"InChI=1S/C7H16/c1-3-5-7-6-4-2/h3-7H2,1-2H3",0.044,,0.0,,0.0,13.650000000000034,7.8145447,12.25684,1.3931600000000357,-0.0271232833862304,7.841667961120605,7.814544677734375,72.0,121.0,102.0,136.0,27.0,26.0
171,903,11.42,Celcius,molar,"InChI=1S/C8H18/c1-3-5-7-8-6-4-2/h3-8H2,1-2H3",0.9,"InChI=1S/C7H16/c1-3-5-7-6-4-2/h3-7H2,1-2H3",0.1,,0.0,,0.0,11.42,7.126627,11.311000000000002,0.1089999999999982,-0.0642515182495122,7.190878486633301,7.126626968383789,94.0,126.0,117.0,140.0,50.0,30.0
172,904,11.650000000000034,Celcius,molar,"InChI=1S/C8H18/c1-3-5-7-8-6-4-2/h3-8H2,1-2H3",0.891,"InChI=1S/C7H16/c1-3-5-7-6-4-2/h3-7H2,1-2H3",0.109,,0.0,,0.0,11.650000000000034,7.0154724,11.15899,0.4910100000000348,-0.0708149089813234,7.0862873210906985,7.015472412109375,93.0,128.0,119.0,141.0,39.0,33.0
173,905,8.42,Celcius,molar,"InChI=1S/C8H18/c1-3-5-7-8-6-4-2/h3-8H2,1-2H3",0.8,"InChI=1S/C7H16/c1-3-5-7-6-4-2/h3-7H2,1-2H3",0.2,,0.0,,0.0,8.42,5.891613,9.622,-1.202,-0.1371414184570314,6.028754425048828,5.891613006591797,117.0,133.0,130.0,151.0,65.0,39.0
174,906,9.650000000000034,Celcius,molar,"InChI=1S/C8H18/c1-3-5-7-8-6-4-2/h3-8H2,1-2H3",0.783,"InChI=1S/C7H16/c1-3-5-7-6-4-2/h3-7H2,1-2H3",0.217,,0.0,,0.0,9.650000000000034,5.6869736,9.33487,0.3151300000000336,-0.1442197628021242,5.831193334579468,5.686973571777344,106.5,134.0,132.0,152.0,41.0,42.0
175,907,6.01,Celcius,molar,"InChI=1S/C8H18/c1-3-5-7-8-6-4-2/h3-8H2,1-2H3",0.7,"InChI=1S/C7H16/c1-3-5-7-6-4-2/h3-7H2,1-2H3",0.3,,0.0,,0.0,6.01,4.692116,7.933,-1.923,-0.174514579772949,4.866630363464355,4.692115783691406,125.0,139.0,142.0,157.0,73.0,46.0
176,908,7.650000000000034,Celcius,molar,"InChI=1S/C8H18/c1-3-5-7-8-6-4-2/h3-8H2,1-2H3",0.678,"InChI=1S/C7H16/c1-3-5-7-6-4-2/h3-7H2,1-2H3",0.322,,0.0,,0.0,7.650000000000034,4.4291534,7.56142,0.088580000000034,-0.1818096275329592,4.610963069915772,4.4291534423828125,119.5,144.0,145.0,159.0,51.0,48.0
177,909,3.44,Celcius,molar,"InChI=1S/C8H18/c1-3-5-7-8-6-4-2/h3-8H2,1-2H3",0.6,"InChI=1S/C7H16/c1-3-5-7-6-4-2/h3-7H2,1-2H3",0.4,,0.0,,0.0,3.44,3.5190964,6.244,-2.804,-0.1854099273681635,3.7045063018798814,3.5190963745117188,147.0,150.0,152.0,165.0,87.0,50.0
178,910,4.650000000000034,Celcius,molar,"InChI=1S/C8H18/c1-3-5-7-8-6-4-2/h3-8H2,1-2H3",0.575,"InChI=1S/C7H16/c1-3-5-7-6-4-2/h3-7H2,1-2H3",0.425,,0.0,,0.0,4.650000000000034,3.2289581,5.82175,-1.1717499999999657,-0.1850171566009519,3.4139752864837645,3.2289581298828125,135.0,153.0,155.0,166.0,63.0,49.0
179,911,1.46,Celcius,molar,"InChI=1S/C7H16/c1-3-5-7-6-4-2/h3-7H2,1-2H3",0.5,"InChI=1S/C8H18/c1-3-5-7-8-6-4-2/h3-8H2,1-2H3",0.5,,0.0,,0.0,1.46,2.3907852,4.555,-3.095,-0.1515970230102539,2.54238224029541,2.390785217285156,159.0,158.0,160.0,170.0,91.0,44.0
180,912,2.650000000000034,Celcius,molar,"InChI=1S/C7H16/c1-3-5-7-6-4-2/h3-7H2,1-2H3",0.525,"InChI=1S/C8H18/c1-3-5-7-8-6-4-2/h3-8H2,1-2H3",0.475,,0.0,,0.0,2.650000000000034,2.112606,4.13275,-1.4827499999999656,-0.139245176315307,2.2518512248992915,2.1126060485839844,153.5,161.0,161.0,173.0,68.0,40.0
181,913,-0.0395,Celcius,molar,"InChI=1S/C7H16/c1-3-5-7-6-4-2/h3-7H2,1-2H3",0.6,"InChI=1S/C8H18/c1-3-5-7-8-6-4-2/h3-8H2,1-2H3",0.4,,0.0,,0.0,-0.0395,1.2773628,2.866,-2.9055,-0.1028953552246096,1.3802581787109378,1.277362823486328,163.0,165.0,168.0,175.0,89.0,36.0
182,914,1.650000000000034,Celcius,molar,"InChI=1S/C7H16/c1-3-5-7-6-4-2/h3-7H2,1-2H3",0.624,"InChI=1S/C8H18/c1-3-5-7-8-6-4-2/h3-8H2,1-2H3",0.376,,0.0,,0.0,1.650000000000034,1.0097427,2.46064,-0.8106399999999656,-0.0916056671142575,1.1013484039306638,1.0097427368164062,158.0,169.0,170.0,177.0,60.0,35.0
183,915,-1.54,Celcius,molar,"InChI=1S/C7H16/c1-3-5-7-6-4-2/h3-7H2,1-2H3",0.7,"InChI=1S/C8H18/c1-3-5-7-8-6-4-2/h3-8H2,1-2H3",0.3,,0.0,,0.0,-1.54,0.15040588,1.177,-2.717,-0.0677282333374025,0.218134117126465,0.1504058837890625,171.0,174.0,173.0,182.0,85.0,31.0
184,916,-0.3499999999999659,Celcius,molar,"InChI=1S/C7H16/c1-3-5-7-6-4-2/h3-7H2,1-2H3",0.721,"InChI=1S/C8H18/c1-3-5-7-8-6-4-2/h3-8H2,1-2H3",0.279,,0.0,,0.0,-0.3499999999999659,-0.08864212,0.8223100000000003,-1.1723099999999662,-0.062730184555054,-0.025911935806274,-0.0886421203613281,167.5,176.0,174.0,184.0,64.0,29.0
185,917,-3.0,Celcius,molar,"InChI=1S/C7H16/c1-3-5-7-6-4-2/h3-7H2,1-2H3",0.8,"InChI=1S/C8H18/c1-3-5-7-8-6-4-2/h3-8H2,1-2H3",0.2,,0.0,,0.0,-3.0,-0.9879303,-0.512,-2.488,-0.0439403533935545,-0.943989944458008,-0.9879302978515624,176.0,179.0,178.0,187.0,80.0,28.0
186,918,-0.3499999999999659,Celcius,molar,"InChI=1S/C7H16/c1-3-5-7-6-4-2/h3-7H2,1-2H3",0.816,"InChI=1S/C8H18/c1-3-5-7-8-6-4-2/h3-8H2,1-2H3",0.184,,0.0,,0.0,-0.3499999999999659,-1.1700706,-0.7822399999999998,0.4322400000000339,-0.0401408538818359,-1.1299297943115234,-1.1700706481933594,167.5,181.0,180.0,188.0,40.0,27.0
187,919,-4.47,Celcius,molar,"InChI=1S/C7H16/c1-3-5-7-6-4-2/h3-7H2,1-2H3",0.9,"InChI=1S/C8H18/c1-3-5-7-8-6-4-2/h3-8H2,1-2H3",0.1,,0.0,,0.0,-4.47,-2.1265182,-2.2010000000000005,-2.2689999999999992,-0.0204042434692386,-2.10611400604248,-2.1265182495117188,188.0,185.0,183.0,191.0,77.0,25.0
188,920,-2.349999999999966,Celcius,molar,"InChI=1S/C7H16/c1-3-5-7-6-4-2/h3-7H2,1-2H3",0.909,"InChI=1S/C8H18/c1-3-5-7-8-6-4-2/h3-8H2,1-2H3",0.091,,0.0,,0.0,-2.349999999999966,-2.2290154,-2.3530100000000003,0.0030100000000343,-0.0183101787567139,-2.210705171585083,-2.229015350341797,174.0,186.0,184.0,193.0,52.0,24.0
189,921,-3.349999999999966,Celcius,molar,"InChI=1S/C7H16/c1-3-5-7-6-4-2/h3-7H2,1-2H3",0.982,"InChI=1S/C8H18/c1-3-5-7-8-6-4-2/h3-8H2,1-2H3",0.018,,0.0,,0.0,-3.349999999999966,-3.0616035,-3.58598,0.2359800000000342,-0.0025478096008297,-3.0590557365417483,-3.061603546142578,182.5,188.0,188.0,196.0,44.0,21.0
190,922,9.75,Celcius,molar,"InChI=1S/CH4O/c1-2/h2H,1H3",0.994,"InChI=1S/C7H16/c1-3-5-7-6-4-2/h3-7H2,1-2H3",0.006,,0.0,,0.0,9.75,8.524437,11.904660000000002,-2.1546600000000016,-0.1393025894165038,8.663739540100098,8.524436950683594,105.0,118.0,113.0,128.0,75.0,41.0
191,923,-3.349999999999966,Celcius,molar,"InChI=1S/CH4O/c1-2/h2H,1H3",0.97,"InChI=1S/C7H16/c1-3-5-7-6-4-2/h3-7H2,1-2H3",0.03,,0.0,,0.0,-3.349999999999966,7.6424866,11.5233,-14.873299999999968,-0.7331569290161131,8.375643501281738,7.642486572265625,182.5,123.0,115.0,130.0,176.0,71.0
192,924,-8.349999999999966,Celcius,molar,"InChI=1S/CH4O/c1-2/h2H,1H3",0.935,"InChI=1S/C7H16/c1-3-5-7-6-4-2/h3-7H2,1-2H3",0.065,,0.0,,0.0,-8.349999999999966,6.3284454,10.96715,-19.31714999999997,-1.6270580101013188,7.955503444671631,6.3284454345703125,197.5,131.0,121.0,135.0,185.0,102.0
193,925,-7.349999999999966,Celcius,molar,"InChI=1S/CH4O/c1-2/h2H,1H3",0.894,"InChI=1S/C7H16/c1-3-5-7-6-4-2/h3-7H2,1-2H3",0.106,,0.0,,0.0,-7.349999999999966,4.7655907,10.31566,-17.665659999999967,-2.6977487106323244,7.463339378356934,4.765590667724609,191.0,138.0,124.0,139.0,181.0,132.0
194,926,-8.349999999999966,Celcius,molar,"InChI=1S/CH4O/c1-2/h2H,1H3",0.845,"InChI=1S/C7H16/c1-3-5-7-6-4-2/h3-7H2,1-2H3",0.155,,0.0,,0.0,-8.349999999999966,2.8818321,9.53705,-17.887049999999967,-3.9933111763000486,6.875143299102783,2.8818321228027344,197.5,156.0,131.0,143.0,182.0,158.0
195,927,-8.349999999999966,Celcius,molar,"InChI=1S/CH4O/c1-2/h2H,1H3",0.784,"InChI=1S/C7H16/c1-3-5-7-6-4-2/h3-7H2,1-2H3",0.216,,0.0,,0.0,-8.349999999999966,0.8143158,8.567760000000002,-16.917759999999966,-5.328583404541016,6.142899200439453,0.8143157958984375,197.5,171.0,139.0,148.0,179.0,172.0
196,928,-8.349999999999966,Celcius,molar,"InChI=1S/CH4O/c1-2/h2H,1H3",0.707,"InChI=1S/C7H16/c1-3-5-7-6-4-2/h3-7H2,1-2H3",0.293,,0.0,,0.0,-8.349999999999966,-1.0024147,7.34423,-15.694229999999964,-6.221005779266357,5.2185910758972165,-1.0024147033691406,197.5,180.0,146.0,154.0,178.0,184.0
197,929,-8.25,Celcius,molar,"InChI=1S/CH4O/c1-2/h2H,1H3",0.608,"InChI=1S/C7H16/c1-3-5-7-6-4-2/h3-7H2,1-2H3",0.392,,0.0,,0.0,-8.25,-3.256382,5.77112,-14.02112,-7.286576904296875,4.030194915771484,-3.25638198852539,193.5,190.0,156.0,162.0,172.0,194.0
198,930,-8.25,Celcius,molar,"InChI=1S/C7H16/c1-3-5-7-6-4-2/h3-7H2,1-2H3",0.525,"InChI=1S/CH4O/c1-2/h2H,1H3",0.475,,0.0,,0.0,-8.25,-4.663307,3.657749999999999,-11.90775,-7.096969890594482,2.433662700653076,-4.663307189941406,193.5,196.0,163.0,171.0,166.0,193.0
199,931,-8.25,Celcius,molar,"InChI=1S/C7H16/c1-3-5-7-6-4-2/h3-7H2,1-2H3",0.713,"InChI=1S/CH4O/c1-2/h2H,1H3",0.287,,0.0,,0.0,-8.25,-4.308235,0.6704300000000001,-8.92043,-4.485145565032958,0.1769103965759275,-4.308235168457031,193.5,193.0,175.0,183.0,146.0,162.0
200,932,-8.25,Celcius,molar,"InChI=1S/C7H16/c1-3-5-7-6-4-2/h3-7H2,1-2H3",0.931,"InChI=1S/CH4O/c1-2/h2H,1H3",0.069,,0.0,,0.0,-8.25,-3.4761238,-2.79359,-5.45641,-1.036154224395752,-2.43996195602417,-3.476116180419922,193.5,191.0,186.0,194.0,122.0,81.0
